staff_cd,type,contractor_last_name,contractor_last_name_pron,contractor_first_name,contractor_first_name_pron,contractor_age,contractor_birthday,contractor_gender,contractor_postal_cd,contractor_address_1,contractor_address_2,contractor_address_3,contractor_phone,insured_last_name,insured_last_name_pron,insured_first_name,insured_first_name_pron,insured_age,insured_birthday,insured_gender,insured_postal_cd,insured_address_1,insured_address_2,insured_address_3,insured_phone
17,定期,江崎,エサキ,実桜,ミオ,15,2004/8/25,女,170-8457,東京都,豊島区,南大塚２丁目２９番７号,090-8967-9720,江崎,エサキ,実桜,ミオ,15,2004/8/25,女,170-8457,東京都,豊島区,南大塚２丁目２９番７号,090-8967-9720
17,養老,江崎,エサキ,実桜,ミオ,15,2004/8/25,女,170-8457,東京都,豊島区,南大塚２丁目２９番７号,090-8967-9720,江崎,エサキ,実桜,ミオ,15,2004/8/25,女,170-8457,東京都,豊島区,南大塚２丁目２９番７号,090-8967-9720
17,学資,江崎,エサキ,実桜,ミオ,15,2004/8/25,女,170-8457,東京都,豊島区,南大塚２丁目２９番７号,090-8967-9720,江崎,エサキ,裕子,ヒロコ,0,1987/3/24,女,170-8457,東京都,豊島区,南大塚２丁目２９番７号,080-6117-0321
17,定期,江崎,エサキ,実桜,ミオ,15,2004/8/25,女,170-8457,東京都,豊島区,南大塚２丁目２９番７号,090-8967-9720,江崎,エサキ,実桜,ミオ,15,2004/8/25,女,170-8457,東京都,豊島区,南大塚２丁目２９番７号,090-8967-9720
17,定期,江崎,エサキ,実桜,ミオ,15,2004/8/25,女,170-8457,東京都,豊島区,南大塚２丁目２９番７号,090-8967-9720,江崎,エサキ,実桜,ミオ,15,2004/8/25,女,170-8457,東京都,豊島区,南大塚２丁目２９番７号,090-8967-9720
19,終身,斉藤,サイトウ,好子,ヨシコ,30,1989/7/14,女,153-8523,東京都,目黒区,青葉台３丁目６−３０,090-3312-5169,斉藤,サイトウ,好子,ヨシコ,30,1989/7/14,女,153-8523,東京都,目黒区,青葉台３丁目６−３０,090-3312-5169
16,終身,保科,ホシナ,翔平,ショウヘイ,48,1971/7/1,男,100-8507,東京都,千代田区,内幸町２丁目１−４,090-9004-7319,保科,ホシナ,幹雄,ミキオ,65,1954/3/20,男,100-8507,東京都,千代田区,内幸町２丁目１−４,080-3179-5167
16,終身,保科,ホシナ,翔平,ショウヘイ,48,1971/7/1,男,100-8507,東京都,千代田区,内幸町２丁目１−４,090-9004-7319,高倉,タカクラ,哲美,テツミ,51,1968/5/3,女,198-8711,東京都,青梅市,末広町１丁目７−２,080-1392-4221
16,特別終身,保科,ホシナ,翔平,ショウヘイ,48,1971/7/1,男,100-8507,東京都,千代田区,内幸町２丁目１−４,090-9004-7319,保科,ホシナ,光代,ミツヨ,26,1993/3/4,男,100-8507,東京都,千代田区,内幸町２丁目１−４,090-8672-0042
15,終身,青柳,アオヤギ,百香,モモカ,50,1969/11/3,女,136-8555,東京都,江東区,亀戸１丁目５−７日鐵ＮＤタワー,090-2591-8915,青柳,アオヤギ,真実,マミ,25,1994/10/3,女,136-8555,東京都,江東区,亀戸１丁目５−７日鐵ＮＤタワー,080-2189-6035
12,定期,山木,ヤマキ,達,トオル,64,1955/8/27,男,151-8554,東京都,渋谷区,富ケ谷１丁目１２−１０,090-2623-6514,山木,ヤマキ,達,トオル,64,1955/8/27,男,151-8554,東京都,渋谷区,富ケ谷１丁目１２−１０,090-2623-6514
16,終身,藤沢,フジサワ,碧依,アオイ,36,1983/5/6,女,151-8577,東京都,渋谷区,幡ケ谷２丁目１−１０−１０１,090-4860-7089,藤沢,フジサワ,明男,アキオ,46,1973/7/23,男,151-8577,東京都,渋谷区,幡ケ谷２丁目１−１０−１０１,080-2112-0342
16,終身,藤沢,フジサワ,碧依,アオイ,36,1983/5/6,女,151-8577,東京都,渋谷区,幡ケ谷２丁目１−１０−１０１,090-4860-7089,藤沢,フジサワ,碧依,アオイ,36,1983/5/6,女,151-8577,東京都,渋谷区,幡ケ谷２丁目１−１０−１０１,090-4860-7089
16,終身,藤沢,フジサワ,碧依,アオイ,36,1983/5/6,女,151-8577,東京都,渋谷区,幡ケ谷２丁目１−１０−１０１,090-4860-7089,藤沢,フジサワ,碧依,アオイ,36,1983/5/6,女,151-8577,東京都,渋谷区,幡ケ谷２丁目１−１０−１０１,090-4860-7089
13,学資,神原,コウハラ,和仁,カズヒト,43,1976/8/14,男,102-8324,東京都,千代田区,紀尾井町３番２３号,090-5570-4194,神原,コウハラ,明,アキラ,6,2003/8/29,男,102-8324,東京都,千代田区,紀尾井町３番２３号,090-6329-9522
13,終身,神原,コウハラ,和仁,カズヒト,43,1976/8/14,男,102-8324,東京都,千代田区,紀尾井町３番２３号,090-5570-4194,神原,コウハラ,絢乃,アヤノ,30,1989/4/19,女,102-8324,東京都,千代田区,紀尾井町３番２３号,090-1652-3241
13,終身,神原,コウハラ,和仁,カズヒト,43,1976/8/14,男,102-8324,東京都,千代田区,紀尾井町３番２３号,090-5570-4194,神原,コウハラ,和仁,カズヒト,43,1976/8/14,男,102-8324,東京都,千代田区,紀尾井町３番２３号,090-5570-4194
13,特別終身,神原,コウハラ,和仁,カズヒト,43,1976/8/14,男,102-8324,東京都,千代田区,紀尾井町３番２３号,090-5570-4194,神原,コウハラ,和仁,カズヒト,43,1976/8/14,男,102-8324,東京都,千代田区,紀尾井町３番２３号,090-5570-4194
13,養老,神原,コウハラ,和仁,カズヒト,43,1976/8/14,男,102-8324,東京都,千代田区,紀尾井町３番２３号,090-5570-4194,神原,コウハラ,和仁,カズヒト,43,1976/8/14,男,102-8324,東京都,千代田区,紀尾井町３番２３号,090-5570-4194
13,養老,神原,コウハラ,和仁,カズヒト,43,1976/8/14,男,102-8324,東京都,千代田区,紀尾井町３番２３号,090-5570-4194,神原,コウハラ,和仁,カズヒト,43,1976/8/14,男,102-8324,東京都,千代田区,紀尾井町３番２３号,090-5570-4194
3,長寿支援,志田,シダ,昌彦,マサヒコ,33,1986/11/21,男,111-8525,東京都,台東区,浅草橋５丁目２４−６ＤＪＫ浅草橋ビル８階,080-7283-7182,志田,シダ,健介,ケンスケ,47,1972/12/5,男,111-8525,東京都,台東区,浅草橋５丁目２４−６ＤＪＫ浅草橋ビル８階,090-9875-0918
3,特別終身,志田,シダ,昌彦,マサヒコ,33,1986/11/21,男,111-8525,東京都,台東区,浅草橋５丁目２４−６ＤＪＫ浅草橋ビル８階,080-7283-7182,有本,アリモト,芳美,ヨシミ,7,2012/10/1,女,105-8677,東京都,港区,新橋５丁目３６−１１,080-0858-9018
3,学資,志田,シダ,昌彦,マサヒコ,33,1986/11/21,男,111-8525,東京都,台東区,浅草橋５丁目２４−６ＤＪＫ浅草橋ビル８階,080-7283-7182,志田,シダ,由希子,ユキコ,6,1979/8/26,女,111-8525,東京都,台東区,浅草橋５丁目２４−６ＤＪＫ浅草橋ビル８階,080-6754-6021
4,長寿支援,笹本,ササモト,豊樹,トヨキ,52,1967/7/21,男,112-8677,東京都,文京区,関口１丁目４５−１５,090-4032-0626,笹本,ササモト,忠義,タダヨシ,51,1968/5/19,男,112-8677,東京都,文京区,関口１丁目４５−１５,090-9562-1648
4,養老,笹本,ササモト,豊樹,トヨキ,52,1967/7/21,男,112-8677,東京都,文京区,関口１丁目４５−１５,090-4032-0626,笹本,ササモト,由菜,ユナ,10,2009/11/22,女,112-8677,東京都,文京区,関口１丁目４５−１５,080-3838-8289
6,定期,五十嵐,イカラシ,美樹,ミキ,39,1980/5/25,女,125-8503,東京都,葛飾区,青戸４丁目１９−１６,090-8545-8952,五十嵐,イカラシ,美樹,ミキ,39,1980/5/25,女,125-8503,東京都,葛飾区,青戸４丁目１９−１６,090-8545-8952
6,終身,吉崎,ヨシザキ,愛梨,アイリ,48,1971/11/8,女,144-8602,東京都,大田区,蒲田５丁目４５−９,080-8365-7838,吉崎,ヨシザキ,陽菜乃,ヒナノ,31,1989/2/2,女,144-8602,東京都,大田区,蒲田５丁目４５−９,080-2472-1661
18,終身,岸本,キシモト,省吾,ショウゴ,15,2004/12/9,男,104-8530,東京都,中央区,入船３丁目３番８号ＵＵＲ築地ビル,080-1858-1922,岸本,キシモト,正広,マサヒロ,27,1992/3/18,男,104-8530,東京都,中央区,入船３丁目３番８号ＵＵＲ築地ビル,090-9858-6928
18,定期,岸本,キシモト,省吾,ショウゴ,15,2004/12/9,男,104-8530,東京都,中央区,入船３丁目３番８号ＵＵＲ築地ビル,080-1858-1922,岸本,キシモト,佳子,ヨシコ,44,1975/8/22,女,104-8530,東京都,中央区,入船３丁目３番８号ＵＵＲ築地ビル,090-4300-0118
18,養老,岸本,キシモト,省吾,ショウゴ,15,2004/12/9,男,104-8530,東京都,中央区,入船３丁目３番８号ＵＵＲ築地ビル,080-1858-1922,岸本,キシモト,省吾,ショウゴ,15,2004/12/9,男,104-8530,東京都,中央区,入船３丁目３番８号ＵＵＲ築地ビル,080-1858-1922
18,長寿支援,岸本,キシモト,省吾,ショウゴ,15,2004/12/9,男,104-8530,東京都,中央区,入船３丁目３番８号ＵＵＲ築地ビル,080-1858-1922,岸本,キシモト,省吾,ショウゴ,15,2004/12/9,男,104-8530,東京都,中央区,入船３丁目３番８号ＵＵＲ築地ビル,080-1858-1922
8,終身,田仲,タナカ,義則,ヨシノリ,6,2013/12/1,男,103-8588,東京都,中央区,日本橋人形町２丁目２２−１,090-2616-7272,田仲,タナカ,義則,ヨシノリ,6,2013/12/1,男,103-8588,東京都,中央区,日本橋人形町２丁目２２−１,090-2616-7272
8,終身,田仲,タナカ,義則,ヨシノリ,6,2013/12/1,男,103-8588,東京都,中央区,日本橋人形町２丁目２２−１,090-2616-7272,田仲,タナカ,義則,ヨシノリ,6,2013/12/1,男,103-8588,東京都,中央区,日本橋人形町２丁目２２−１,090-2616-7272
8,定期,田仲,タナカ,義則,ヨシノリ,6,2013/12/1,男,103-8588,東京都,中央区,日本橋人形町２丁目２２−１,090-2616-7272,田仲,タナカ,義則,ヨシノリ,6,2013/12/1,男,103-8588,東京都,中央区,日本橋人形町２丁目２２−１,090-2616-7272
8,定期,田仲,タナカ,義則,ヨシノリ,6,2013/12/1,男,103-8588,東京都,中央区,日本橋人形町２丁目２２−１,090-2616-7272,田仲,タナカ,一司,カズシ,48,1971/10/20,男,103-8588,東京都,中央区,日本橋人形町２丁目２２−１,080-4414-8600
12,養老,猪狩,イノカリ,有美,ユミ,37,1983/1/20,女,101-8347,東京都,千代田区,猿楽町１丁目５番１５号,080-8114-9617,猪狩,イノカリ,有美,ユミ,37,1983/1/20,女,101-8347,東京都,千代田区,猿楽町１丁目５番１５号,080-8114-9617
9,終身,飯田,イイダ,桜花,オウカ,13,2007/2/2,女,160-8375,東京都,新宿区,西新宿１丁目２３−７新宿ファーストウエスト,090-2714-8176,飯田,イイダ,知里,チサト,51,1968/9/13,女,160-8375,東京都,新宿区,西新宿１丁目２３−７新宿ファーストウエスト,090-7741-9499
9,学資,飯田,イイダ,桜花,オウカ,13,2007/2/2,女,160-8375,東京都,新宿区,西新宿１丁目２３−７新宿ファーストウエスト,090-2714-8176,飯田,イイダ,猛,タケシ,3,1987/10/16,男,160-8375,東京都,新宿区,西新宿１丁目２３−７新宿ファーストウエスト,090-2543-0868
9,終身,飯田,イイダ,桜花,オウカ,13,2007/2/2,女,160-8375,東京都,新宿区,西新宿１丁目２３−７新宿ファーストウエスト,090-2714-8176,飯田,イイダ,桜花,オウカ,13,2007/2/2,女,160-8375,東京都,新宿区,西新宿１丁目２３−７新宿ファーストウエスト,090-2714-8176
9,終身,飯田,イイダ,桜花,オウカ,13,2007/2/2,女,160-8375,東京都,新宿区,西新宿１丁目２３−７新宿ファーストウエスト,090-2714-8176,飯田,イイダ,志乃,シノ,45,1975/1/1,女,160-8375,東京都,新宿区,西新宿１丁目２３−７新宿ファーストウエスト,080-6577-3743
9,学資,飯田,イイダ,桜花,オウカ,13,2007/2/2,女,160-8375,東京都,新宿区,西新宿１丁目２３−７新宿ファーストウエスト,090-2714-8176,飯田,イイダ,利恵,リエ,7,1993/8/30,女,160-8375,東京都,新宿区,西新宿１丁目２３−７新宿ファーストウエスト,080-5325-8309
9,終身,飯田,イイダ,桜花,オウカ,13,2007/2/2,女,160-8375,東京都,新宿区,西新宿１丁目２３−７新宿ファーストウエスト,090-2714-8176,飯田,イイダ,桜花,オウカ,13,2007/2/2,女,160-8375,東京都,新宿区,西新宿１丁目２３−７新宿ファーストウエスト,090-2714-8176
19,終身,小貫,コヌキ,利治,トシハル,29,1990/6/14,男,153-8502,東京都,目黒区,目黒２丁目１３−１８,090-8719-7945,小貫,コヌキ,利治,トシハル,29,1990/6/14,男,153-8502,東京都,目黒区,目黒２丁目１３−１８,090-8719-7945
19,終身,小貫,コヌキ,利治,トシハル,29,1990/6/14,男,153-8502,東京都,目黒区,目黒２丁目１３−１８,090-8719-7945,小貫,コヌキ,照雄,テルオ,39,1980/10/21,男,153-8502,東京都,目黒区,目黒２丁目１３−１８,080-2085-6130
19,定期,小貫,コヌキ,利治,トシハル,29,1990/6/14,男,153-8502,東京都,目黒区,目黒２丁目１３−１８,090-8719-7945,山岸,ヤマギシ,清吉,セイキチ,27,1992/3/31,男,162-8808,東京都,新宿区,市谷本村町５−１,090-3699-2762
9,定期,大高,オオタカ,加奈,カナ,21,1998/5/12,女,101-8676,東京都,千代田区,内神田２丁目１５−９,090-8830-3305,大高,オオタカ,加奈,カナ,21,1998/5/12,女,101-8676,東京都,千代田区,内神田２丁目１５−９,090-8830-3305
13,終身,須崎,スザキ,伸一,シンイチ,67,1953/1/14,男,102-8336,東京都,千代田区,三番町６−１６,080-9845-2289,須崎,スザキ,伸一,シンイチ,67,1953/1/14,男,102-8336,東京都,千代田区,三番町６−１６,080-9845-2289
13,終身,須崎,スザキ,伸一,シンイチ,67,1953/1/14,男,102-8336,東京都,千代田区,三番町６−１６,080-9845-2289,須崎,スザキ,伸一,シンイチ,67,1953/1/14,男,102-8336,東京都,千代田区,三番町６−１６,080-9845-2289
13,終身,須崎,スザキ,伸一,シンイチ,67,1953/1/14,男,102-8336,東京都,千代田区,三番町６−１６,080-9845-2289,須崎,スザキ,伸一,シンイチ,67,1953/1/14,男,102-8336,東京都,千代田区,三番町６−１６,080-9845-2289
13,特別終身,須崎,スザキ,伸一,シンイチ,67,1953/1/14,男,102-8336,東京都,千代田区,三番町６−１６,080-9845-2289,須崎,スザキ,伸一,シンイチ,67,1953/1/14,男,102-8336,東京都,千代田区,三番町６−１６,080-9845-2289
13,終身,須崎,スザキ,伸一,シンイチ,67,1953/1/14,男,102-8336,東京都,千代田区,三番町６−１６,080-9845-2289,須崎,スザキ,美結,ミユ,65,1954/3/26,女,102-8336,東京都,千代田区,三番町６−１６,090-0892-9010
13,終身,須崎,スザキ,伸一,シンイチ,67,1953/1/14,男,102-8336,東京都,千代田区,三番町６−１６,080-9845-2289,須崎,スザキ,幸作,コウサク,29,1991/1/7,男,102-8336,東京都,千代田区,三番町６−１６,090-2274-0069
13,長寿支援,須崎,スザキ,伸一,シンイチ,67,1953/1/14,男,102-8336,東京都,千代田区,三番町６−１６,080-9845-2289,須崎,スザキ,伸一,シンイチ,67,1953/1/14,男,102-8336,東京都,千代田区,三番町６−１６,080-9845-2289
13,学資,須崎,スザキ,伸一,シンイチ,67,1953/1/14,男,102-8336,東京都,千代田区,三番町６−１６,080-9845-2289,須崎,スザキ,利吉,リキチ,8,1978/6/23,男,102-8336,東京都,千代田区,三番町６−１６,090-5123-2830
15,学資,荒井,アライ,洋一郎,ヨウイチロウ,31,1988/12/17,男,105-8501,東京都,港区,虎ノ門５丁目１１番２号,080-5836-8166,荒井,アライ,正太郎,ショウタロウ,4,2005/4/21,男,105-8501,東京都,港区,虎ノ門５丁目１１番２号,090-9588-1232
15,特別終身,荒井,アライ,洋一郎,ヨウイチロウ,31,1988/12/17,男,105-8501,東京都,港区,虎ノ門５丁目１１番２号,080-5836-8166,荒井,アライ,洋一郎,ヨウイチロウ,31,1988/12/17,男,105-8501,東京都,港区,虎ノ門５丁目１１番２号,080-5836-8166
2,終身,小高,オダカ,吉郎,キチロウ,50,1969/7/14,男,192-8568,東京都,八王子市,高倉町６８番１,090-3072-4821,小高,オダカ,裕美子,ユミコ,56,1963/7/9,女,192-8568,東京都,八王子市,高倉町６８番１,090-2150-7010
2,学資,小高,オダカ,吉郎,キチロウ,50,1969/7/14,男,192-8568,東京都,八王子市,高倉町６８番１,090-3072-4821,小高,オダカ,瑠花,ルカ,9,1978/2/9,女,192-8568,東京都,八王子市,高倉町６８番１,090-1672-9470
2,特別終身,小高,オダカ,吉郎,キチロウ,50,1969/7/14,男,192-8568,東京都,八王子市,高倉町６８番１,090-3072-4821,小高,オダカ,吉郎,キチロウ,50,1969/7/14,男,192-8568,東京都,八王子市,高倉町６８番１,090-3072-4821
2,終身,小高,オダカ,吉郎,キチロウ,50,1969/7/14,男,192-8568,東京都,八王子市,高倉町６８番１,090-3072-4821,小高,オダカ,吉郎,キチロウ,50,1969/7/14,男,192-8568,東京都,八王子市,高倉町６８番１,090-3072-4821
2,終身,小高,オダカ,吉郎,キチロウ,50,1969/7/14,男,192-8568,東京都,八王子市,高倉町６８番１,090-3072-4821,小高,オダカ,吉郎,キチロウ,50,1969/7/14,男,192-8568,東京都,八王子市,高倉町６８番１,090-3072-4821
2,終身,小高,オダカ,吉郎,キチロウ,50,1969/7/14,男,192-8568,東京都,八王子市,高倉町６８番１,090-3072-4821,小高,オダカ,吉郎,キチロウ,50,1969/7/14,男,192-8568,東京都,八王子市,高倉町６８番１,090-3072-4821
2,終身,小高,オダカ,吉郎,キチロウ,50,1969/7/14,男,192-8568,東京都,八王子市,高倉町６８番１,090-3072-4821,小高,オダカ,保生,ヤスオ,34,1985/11/2,男,192-8568,東京都,八王子市,高倉町６８番１,080-6980-5028
13,養老,大月,オオツキ,勝次,カツジ,33,1987/1/9,男,132-8732,東京都,江戸川区,中央１丁目３−５,090-6669-7704,大月,オオツキ,勝次,カツジ,33,1987/1/9,男,132-8732,東京都,江戸川区,中央１丁目３−５,090-6669-7704
1,終身,小岩,コイワ,悦代,エツヨ,54,1965/12/4,女,169-8655,東京都,新宿区,高田馬場１丁目２−１２,080-5820-1935,小岩,コイワ,悦代,エツヨ,54,1965/12/4,女,169-8655,東京都,新宿区,高田馬場１丁目２−１２,080-5820-1935
17,終身,橋本,ハシモト,博文,ヒロフミ,38,1981/4/9,男,157-8511,東京都,世田谷区,成城６丁目１−２０,080-6517-1626,橋本,ハシモト,和枝,カズエ,20,1999/10/27,女,157-8511,東京都,世田谷区,成城６丁目１−２０,080-9436-0736
17,終身,浜口,ハマグチ,遥花,ハルカ,23,1996/10/5,女,101-8330,東京都,千代田区,神田駿河台４−３新お茶の水ビルディング,080-4931-0415,浜口,ハマグチ,清二,セイジ,24,1995/3/30,男,101-8330,東京都,千代田区,神田駿河台４−３新お茶の水ビルディング,090-0723-8559
17,長寿支援,浜口,ハマグチ,遥花,ハルカ,23,1996/10/5,女,101-8330,東京都,千代田区,神田駿河台４−３新お茶の水ビルディング,080-4931-0415,馬場,ババ,貞行,サダユキ,37,1982/9/21,男,102-8234,東京都,千代田区,九段北１丁目１２−３０,080-2430-8686
17,養老,浜口,ハマグチ,遥花,ハルカ,23,1996/10/5,女,101-8330,東京都,千代田区,神田駿河台４−３新お茶の水ビルディング,080-4931-0415,浜口,ハマグチ,遥花,ハルカ,23,1996/10/5,女,101-8330,東京都,千代田区,神田駿河台４−３新お茶の水ビルディング,080-4931-0415
17,養老,浜口,ハマグチ,遥花,ハルカ,23,1996/10/5,女,101-8330,東京都,千代田区,神田駿河台４−３新お茶の水ビルディング,080-4931-0415,浜口,ハマグチ,幸次郎,コウジロウ,26,1993/5/21,男,101-8330,東京都,千代田区,神田駿河台４−３新お茶の水ビルディング,090-7894-3710
17,特別終身,浜口,ハマグチ,遥花,ハルカ,23,1996/10/5,女,101-8330,東京都,千代田区,神田駿河台４−３新お茶の水ビルディング,080-4931-0415,浜口,ハマグチ,遥花,ハルカ,23,1996/10/5,女,101-8330,東京都,千代田区,神田駿河台４−３新お茶の水ビルディング,080-4931-0415
17,養老,浜口,ハマグチ,遥花,ハルカ,23,1996/10/5,女,101-8330,東京都,千代田区,神田駿河台４−３新お茶の水ビルディング,080-4931-0415,浜口,ハマグチ,遥花,ハルカ,23,1996/10/5,女,101-8330,東京都,千代田区,神田駿河台４−３新お茶の水ビルディング,080-4931-0415
17,特別終身,浜口,ハマグチ,遥花,ハルカ,23,1996/10/5,女,101-8330,東京都,千代田区,神田駿河台４−３新お茶の水ビルディング,080-4931-0415,浜口,ハマグチ,遥花,ハルカ,23,1996/10/5,女,101-8330,東京都,千代田区,神田駿河台４−３新お茶の水ビルディング,080-4931-0415
17,終身,浜口,ハマグチ,遥花,ハルカ,23,1996/10/5,女,101-8330,東京都,千代田区,神田駿河台４−３新お茶の水ビルディング,080-4931-0415,浜口,ハマグチ,遥花,ハルカ,23,1996/10/5,女,101-8330,東京都,千代田区,神田駿河台４−３新お茶の水ビルディング,080-4931-0415
19,学資,竹村,タケムラ,光彦,ミツヒコ,19,2000/9/29,男,102-8414,東京都,千代田区,三番町９−１５ホスピタルプラザビル,090-5056-6890,竹村,タケムラ,保夫,ヤスオ,9,2001/5/26,男,102-8414,東京都,千代田区,三番町９−１５ホスピタルプラザビル,090-5171-5069
19,長寿支援,竹村,タケムラ,光彦,ミツヒコ,19,2000/9/29,男,102-8414,東京都,千代田区,三番町９−１５ホスピタルプラザビル,090-5056-6890,竹村,タケムラ,光彦,ミツヒコ,19,2000/9/29,男,102-8414,東京都,千代田区,三番町９−１５ホスピタルプラザビル,090-5056-6890
19,養老,竹村,タケムラ,光彦,ミツヒコ,19,2000/9/29,男,102-8414,東京都,千代田区,三番町９−１５ホスピタルプラザビル,090-5056-6890,竹村,タケムラ,光彦,ミツヒコ,19,2000/9/29,男,102-8414,東京都,千代田区,三番町９−１５ホスピタルプラザビル,090-5056-6890
19,終身,竹村,タケムラ,光彦,ミツヒコ,19,2000/9/29,男,102-8414,東京都,千代田区,三番町９−１５ホスピタルプラザビル,090-5056-6890,竹村,タケムラ,椿,ツバキ,39,1980/11/17,女,102-8414,東京都,千代田区,三番町９−１５ホスピタルプラザビル,080-5098-4849
19,終身,竹村,タケムラ,光彦,ミツヒコ,19,2000/9/29,男,102-8414,東京都,千代田区,三番町９−１５ホスピタルプラザビル,090-5056-6890,竹村,タケムラ,光彦,ミツヒコ,19,2000/9/29,男,102-8414,東京都,千代田区,三番町９−１５ホスピタルプラザビル,090-5056-6890
19,定期,竹村,タケムラ,光彦,ミツヒコ,19,2000/9/29,男,102-8414,東京都,千代田区,三番町９−１５ホスピタルプラザビル,090-5056-6890,竹村,タケムラ,洋一,ヨウイチ,20,1999/11/29,男,102-8414,東京都,千代田区,三番町９−１５ホスピタルプラザビル,090-2207-7568
19,終身,竹村,タケムラ,光彦,ミツヒコ,19,2000/9/29,男,102-8414,東京都,千代田区,三番町９−１５ホスピタルプラザビル,090-5056-6890,竹村,タケムラ,光彦,ミツヒコ,19,2000/9/29,男,102-8414,東京都,千代田区,三番町９−１５ホスピタルプラザビル,090-5056-6890
12,学資,城戸,キド,絢香,アヤカ,41,1978/9/24,女,107-8477,東京都,港区,元赤坂１丁目３−８,080-5028-1102,城戸,キド,好一,ヨシカズ,3,1990/5/29,男,107-8477,東京都,港区,元赤坂１丁目３−８,090-8609-3298
11,終身,工藤,コドウ,正巳,マサミ,36,1983/9/17,女,108-8322,東京都,港区,三田３丁目１３−１６三田４３ＭＴビル１３階,090-6297-2538,工藤,コドウ,正巳,マサミ,36,1983/9/17,女,108-8322,東京都,港区,三田３丁目１３−１６三田４３ＭＴビル１３階,090-6297-2538
11,特別終身,工藤,コドウ,正巳,マサミ,36,1983/9/17,女,108-8322,東京都,港区,三田３丁目１３−１６三田４３ＭＴビル１３階,090-6297-2538,工藤,コドウ,正巳,マサミ,36,1983/9/17,女,108-8322,東京都,港区,三田３丁目１３−１６三田４３ＭＴビル１３階,090-6297-2538
9,終身,浜岡,ハマオカ,一花,イチカ,40,1979/5/25,女,132-8562,東京都,江戸川区,松江５丁目１０−９,080-2934-3084,浜岡,ハマオカ,一花,イチカ,40,1979/5/25,女,132-8562,東京都,江戸川区,松江５丁目１０−９,080-2934-3084
14,特別終身,吉山,ヨシヤマ,貞夫,サダオ,21,1998/12/15,男,107-8418,東京都,港区,南青山３−１３−１８−３１３南青山６階,090-1964-3589,吉山,ヨシヤマ,貞夫,サダオ,21,1998/12/15,男,107-8418,東京都,港区,南青山３−１３−１８−３１３南青山６階,090-1964-3589
14,定期,吉山,ヨシヤマ,貞夫,サダオ,21,1998/12/15,男,107-8418,東京都,港区,南青山３−１３−１８−３１３南青山６階,090-1964-3589,平原,ヒラハラ,清佳,サヤカ,54,1965/11/15,女,125-8504,東京都,葛飾区,青戸５丁目１７−５,090-7457-2834
14,終身,吉山,ヨシヤマ,貞夫,サダオ,21,1998/12/15,男,107-8418,東京都,港区,南青山３−１３−１８−３１３南青山６階,090-1964-3589,吉山,ヨシヤマ,貞夫,サダオ,21,1998/12/15,男,107-8418,東京都,港区,南青山３−１３−１８−３１３南青山６階,090-1964-3589
13,定期,徳丸,トクマル,宗男,ムネオ,45,1974/7/31,男,102-8588,東京都,千代田区,三番町６−８警察共済ビル,090-6559-4276,徳丸,トクマル,矩之,ノリユキ,2,2017/6/1,男,102-8588,東京都,千代田区,三番町６−８警察共済ビル,080-6729-4298
13,学資,徳丸,トクマル,宗男,ムネオ,45,1974/7/31,男,102-8588,東京都,千代田区,三番町６−８警察共済ビル,090-6559-4276,徳丸,トクマル,正浩,マサヒロ,7,1987/12/23,男,102-8588,東京都,千代田区,三番町６−８警察共済ビル,090-3039-9318
13,定期,徳丸,トクマル,宗男,ムネオ,45,1974/7/31,男,102-8588,東京都,千代田区,三番町６−８警察共済ビル,090-6559-4276,徳丸,トクマル,宗男,ムネオ,45,1974/7/31,男,102-8588,東京都,千代田区,三番町６−８警察共済ビル,090-6559-4276
1,養老,水口,ミズグチ,昌之,マサユキ,39,1980/6/25,男,102-8633,東京都,千代田区,平河町２丁目３−６,080-9602-0893,水口,ミズグチ,依子,ヨリコ,64,1956/1/6,女,102-8633,東京都,千代田区,平河町２丁目３−６,090-7933-6475
1,養老,水口,ミズグチ,昌之,マサユキ,39,1980/6/25,男,102-8633,東京都,千代田区,平河町２丁目３−６,080-9602-0893,水口,ミズグチ,昌之,マサユキ,39,1980/6/25,男,102-8633,東京都,千代田区,平河町２丁目３−６,080-9602-0893
1,養老,水口,ミズグチ,昌之,マサユキ,39,1980/6/25,男,102-8633,東京都,千代田区,平河町２丁目３−６,080-9602-0893,水口,ミズグチ,昌之,マサユキ,39,1980/6/25,男,102-8633,東京都,千代田区,平河町２丁目３−６,080-9602-0893
1,終身,水口,ミズグチ,昌之,マサユキ,39,1980/6/25,男,102-8633,東京都,千代田区,平河町２丁目３−６,080-9602-0893,寺村,テラムラ,詩織,シオリ,27,1992/7/26,女,101-8321,東京都,千代田区,神田駿河台４丁目２−５,090-7338-9442
1,定期,水口,ミズグチ,昌之,マサユキ,39,1980/6/25,男,102-8633,東京都,千代田区,平河町２丁目３−６,080-9602-0893,小西,コニシ,絵理,エリ,16,2003/12/21,女,110-8631,東京都,台東区,東上野４丁目２４番１１号ＮＢＦ上野ビル,090-0316-5224
1,定期,水口,ミズグチ,昌之,マサユキ,39,1980/6/25,男,102-8633,東京都,千代田区,平河町２丁目３−６,080-9602-0893,水口,ミズグチ,昌之,マサユキ,30,1989/8/18,男,102-8633,東京都,千代田区,平河町２丁目３−６,080-7133-5563
1,終身,水口,ミズグチ,昌之,マサユキ,39,1980/6/25,男,102-8633,東京都,千代田区,平河町２丁目３−６,080-9602-0893,水口,ミズグチ,昌之,マサユキ,39,1980/6/25,男,102-8633,東京都,千代田区,平河町２丁目３−６,080-9602-0893
1,学資,水口,ミズグチ,昌之,マサユキ,39,1980/6/25,男,102-8633,東京都,千代田区,平河町２丁目３−６,080-9602-0893,水口,ミズグチ,瑠菜,ルナ,2,1983/9/1,女,102-8633,東京都,千代田区,平河町２丁目３−６,090-4576-1191
5,定期,里見,サトミ,華凛,カリン,25,1994/7/28,女,164-8588,東京都,中野区,中野５丁目５−１１,090-0253-4437,里見,サトミ,華凛,カリン,25,1994/7/28,女,164-8588,東京都,中野区,中野５丁目５−１１,090-0253-4437
5,定期,里見,サトミ,華凛,カリン,25,1994/7/28,女,164-8588,東京都,中野区,中野５丁目５−１１,090-0253-4437,里見,サトミ,華凛,カリン,25,1994/7/28,女,164-8588,東京都,中野区,中野５丁目５−１１,090-0253-4437
5,養老,里見,サトミ,華凛,カリン,25,1994/7/28,女,164-8588,東京都,中野区,中野５丁目５−１１,090-0253-4437,里見,サトミ,華凛,カリン,25,1994/7/28,女,164-8588,東京都,中野区,中野５丁目５−１１,090-0253-4437
19,定期,兵藤,ヘイドウ,美結,ミユ,33,1986/7/16,女,131-8550,東京都,墨田区,押上２丁目１２−７,090-7999-9162,兵藤,ヘイドウ,美結,ミユ,33,1986/7/16,女,131-8550,東京都,墨田区,押上２丁目１２−７,090-7999-9162
19,長寿支援,兵藤,ヘイドウ,美結,ミユ,33,1986/7/16,女,131-8550,東京都,墨田区,押上２丁目１２−７,090-7999-9162,兵藤,ヘイドウ,美結,ミユ,33,1986/7/16,女,131-8550,東京都,墨田区,押上２丁目１２−７,090-7999-9162
19,定期,真島,マジマ,貴士,タカシ,53,1966/7/4,男,144-8550,東京都,大田区,仲六郷４丁目３２−５,080-3119-2285,高森,タカモリ,正平,ショウヘイ,29,1990/9/27,男,101-8356,東京都,千代田区,西神田２丁目８−９林リースビル５Ｆ,080-1329-2857
19,終身,真島,マジマ,貴士,タカシ,53,1966/7/4,男,144-8550,東京都,大田区,仲六郷４丁目３２−５,080-3119-2285,真島,マジマ,喜一郎,キイチロウ,12,2007/10/8,男,144-8550,東京都,大田区,仲六郷４丁目３２−５,080-4917-2321
19,特別終身,真島,マジマ,貴士,タカシ,53,1966/7/4,男,144-8550,東京都,大田区,仲六郷４丁目３２−５,080-3119-2285,真島,マジマ,貴士,タカシ,53,1966/7/4,男,144-8550,東京都,大田区,仲六郷４丁目３２−５,080-3119-2285
0,養老,斉藤,サイトウ,春菜,ハルナ,12,2007/5/18,女,110-8531,東京都,台東区,上野５丁目６−１０,090-8278-0763,斉藤,サイトウ,春菜,ハルナ,12,2007/5/18,女,110-8531,東京都,台東区,上野５丁目６−１０,090-8278-0763
8,長寿支援,深瀬,フカセ,金治,キンジ,35,1984/3/15,男,154-8509,東京都,世田谷区,下馬６−１５−４,080-6393-0264,深瀬,フカセ,金治,キンジ,35,1984/3/15,男,154-8509,東京都,世田谷区,下馬６−１５−４,080-6393-0264
8,長寿支援,深瀬,フカセ,金治,キンジ,35,1984/3/15,男,154-8509,東京都,世田谷区,下馬６−１５−４,080-6393-0264,深瀬,フカセ,金治,キンジ,35,1984/3/15,男,154-8509,東京都,世田谷区,下馬６−１５−４,080-6393-0264
8,終身,深瀬,フカセ,金治,キンジ,35,1984/3/15,男,154-8509,東京都,世田谷区,下馬６−１５−４,080-6393-0264,深瀬,フカセ,源治,ゲンジ,41,1978/3/4,男,154-8509,東京都,世田谷区,下馬６−１５−４,080-6422-0477
8,養老,深瀬,フカセ,金治,キンジ,35,1984/3/15,男,154-8509,東京都,世田谷区,下馬６−１５−４,080-6393-0264,深瀬,フカセ,正記,マサキ,47,1972/9/18,男,154-8509,東京都,世田谷区,下馬６−１５−４,080-9030-0680
8,定期,深瀬,フカセ,金治,キンジ,35,1984/3/15,男,154-8509,東京都,世田谷区,下馬６−１５−４,080-6393-0264,深瀬,フカセ,柚,ユズ,32,1988/1/8,女,154-8509,東京都,世田谷区,下馬６−１５−４,090-1341-9828
8,特別終身,深瀬,フカセ,金治,キンジ,35,1984/3/15,男,154-8509,東京都,世田谷区,下馬６−１５−４,080-6393-0264,深瀬,フカセ,金治,キンジ,35,1984/3/15,男,154-8509,東京都,世田谷区,下馬６−１５−４,080-6393-0264
13,終身,赤堀,アカボリ,寧音,ネネ,44,1976/1/27,女,100-8967,東京都,千代田区,霞が関３丁目２−１合同庁舎７号館,090-9041-5107,赤堀,アカボリ,寧音,ネネ,44,1976/1/27,女,100-8967,東京都,千代田区,霞が関３丁目２−１合同庁舎７号館,090-9041-5107
13,学資,赤堀,アカボリ,寧音,ネネ,44,1976/1/27,女,100-8967,東京都,千代田区,霞が関３丁目２−１合同庁舎７号館,090-9041-5107,赤堀,アカボリ,美博,ヨシヒロ,7,1978/9/4,男,100-8967,東京都,千代田区,霞が関３丁目２−１合同庁舎７号館,080-9377-3226
13,定期,赤堀,アカボリ,寧音,ネネ,44,1976/1/27,女,100-8967,東京都,千代田区,霞が関３丁目２−１合同庁舎７号館,090-9041-5107,赤堀,アカボリ,達夫,タツオ,19,2000/7/8,男,100-8967,東京都,千代田区,霞が関３丁目２−１合同庁舎７号館,080-3984-6795
13,終身,赤堀,アカボリ,寧音,ネネ,44,1976/1/27,女,100-8967,東京都,千代田区,霞が関３丁目２−１合同庁舎７号館,090-9041-5107,赤堀,アカボリ,寧音,ネネ,44,1976/1/27,女,100-8967,東京都,千代田区,霞が関３丁目２−１合同庁舎７号館,090-9041-5107
13,終身,赤堀,アカボリ,寧音,ネネ,44,1976/1/27,女,100-8967,東京都,千代田区,霞が関３丁目２−１合同庁舎７号館,090-9041-5107,赤堀,アカボリ,梨央,リオ,57,1962/5/13,女,100-8967,東京都,千代田区,霞が関３丁目２−１合同庁舎７号館,080-2711-5096
13,長寿支援,赤堀,アカボリ,寧音,ネネ,44,1976/1/27,女,100-8967,東京都,千代田区,霞が関３丁目２−１合同庁舎７号館,090-9041-5107,赤堀,アカボリ,寧音,ネネ,44,1976/1/27,女,100-8967,東京都,千代田区,霞が関３丁目２−１合同庁舎７号館,090-9041-5107
13,終身,赤堀,アカボリ,寧音,ネネ,44,1976/1/27,女,100-8967,東京都,千代田区,霞が関３丁目２−１合同庁舎７号館,090-9041-5107,赤堀,アカボリ,寧音,ネネ,44,1976/1/27,女,100-8967,東京都,千代田区,霞が関３丁目２−１合同庁舎７号館,090-9041-5107
19,終身,岩井,イワイ,雅江,マサエ,36,1983/12/26,女,115-8524,東京都,北区,赤羽台４丁目２−１４,090-7048-2402,岩井,イワイ,久雄,ヒサオ,7,2012/7/27,男,115-8524,東京都,北区,赤羽台４丁目２−１４,090-8082-8732
2,学資,高柳,タカヤナギ,悦代,エツヨ,11,2008/6/1,女,102-8612,東京都,千代田区,麹町１−７相互半蔵門ビル２Ｆ,080-3187-6702,高柳,タカヤナギ,隆明,タカアキ,10,1973/1/14,男,102-8612,東京都,千代田区,麹町１−７相互半蔵門ビル２Ｆ,080-2037-3701
2,学資,高柳,タカヤナギ,悦代,エツヨ,11,2008/6/1,女,102-8612,東京都,千代田区,麹町１−７相互半蔵門ビル２Ｆ,080-3187-6702,高柳,タカヤナギ,亜紀,アキ,2,1956/3/26,女,102-8612,東京都,千代田区,麹町１−７相互半蔵門ビル２Ｆ,080-7506-9438
2,特別終身,高柳,タカヤナギ,悦代,エツヨ,11,2008/6/1,女,102-8612,東京都,千代田区,麹町１−７相互半蔵門ビル２Ｆ,080-3187-6702,高柳,タカヤナギ,悦代,エツヨ,11,2008/6/1,女,102-8612,東京都,千代田区,麹町１−７相互半蔵門ビル２Ｆ,080-3187-6702
2,学資,高柳,タカヤナギ,悦代,エツヨ,11,2008/6/1,女,102-8612,東京都,千代田区,麹町１−７相互半蔵門ビル２Ｆ,080-3187-6702,高柳,タカヤナギ,昇一,ショウイチ,8,1991/6/27,男,102-8612,東京都,千代田区,麹町１−７相互半蔵門ビル２Ｆ,090-8486-2229
2,終身,高柳,タカヤナギ,悦代,エツヨ,11,2008/6/1,女,102-8612,東京都,千代田区,麹町１−７相互半蔵門ビル２Ｆ,080-3187-6702,高柳,タカヤナギ,悦代,エツヨ,11,2008/6/1,女,102-8612,東京都,千代田区,麹町１−７相互半蔵門ビル２Ｆ,080-3187-6702
2,定期,高柳,タカヤナギ,悦代,エツヨ,11,2008/6/1,女,102-8612,東京都,千代田区,麹町１−７相互半蔵門ビル２Ｆ,080-3187-6702,高柳,タカヤナギ,勝利,カツトシ,29,1990/6/24,男,102-8612,東京都,千代田区,麹町１−７相互半蔵門ビル２Ｆ,090-8310-6359
13,長寿支援,田口,タグチ,果凛,カリン,59,1960/4/11,女,114-8546,東京都,北区,滝野川２−５２−１０,090-5131-8881,田口,タグチ,果凛,カリン,59,1960/4/11,女,114-8546,東京都,北区,滝野川２−５２−１０,090-5131-8881
13,長寿支援,田口,タグチ,果凛,カリン,59,1960/4/11,女,114-8546,東京都,北区,滝野川２−５２−１０,090-5131-8881,田口,タグチ,果凛,カリン,59,1960/4/11,女,114-8546,東京都,北区,滝野川２−５２−１０,090-5131-8881
13,養老,田口,タグチ,果凛,カリン,59,1960/4/11,女,114-8546,東京都,北区,滝野川２−５２−１０,090-5131-8881,田口,タグチ,美和子,ミワコ,26,1993/10/26,女,114-8546,東京都,北区,滝野川２−５２−１０,090-3008-6735
13,終身,田口,タグチ,果凛,カリン,59,1960/4/11,女,114-8546,東京都,北区,滝野川２−５２−１０,090-5131-8881,田口,タグチ,果凛,カリン,59,1960/4/11,女,114-8546,東京都,北区,滝野川２−５２−１０,090-5131-8881
1,養老,上山,ウエヤマ,悦代,エツヨ,48,1971/10/18,女,154-8584,東京都,世田谷区,桜新町１丁目３４−６,090-6209-9998,上山,ウエヤマ,萌香,モエカ,29,1990/6/7,女,154-8584,東京都,世田谷区,桜新町１丁目３４−６,090-5421-4584
1,終身,上山,ウエヤマ,悦代,エツヨ,48,1971/10/18,女,154-8584,東京都,世田谷区,桜新町１丁目３４−６,090-6209-9998,上山,ウエヤマ,悦代,エツヨ,48,1971/10/18,女,154-8584,東京都,世田谷区,桜新町１丁目３４−６,090-6209-9998
1,養老,上山,ウエヤマ,悦代,エツヨ,48,1971/10/18,女,154-8584,東京都,世田谷区,桜新町１丁目３４−６,090-6209-9998,上山,ウエヤマ,修,オサム,36,1983/10/16,男,154-8584,東京都,世田谷区,桜新町１丁目３４−６,080-4457-4250
17,定期,磯野,イソノ,彩葉,イロハ,7,2012/4/17,女,112-8677,東京都,文京区,関口１丁目４５−１５,080-0798-1661,沢井,サワイ,晃一,コウイチ,14,2005/2/24,男,102-8088,東京都,千代田区,九段南４−７−１５ＪＰＲ市ヶ谷ビル４階,080-0263-3621
17,終身,磯野,イソノ,彩葉,イロハ,7,2012/4/17,女,112-8677,東京都,文京区,関口１丁目４５−１５,080-0798-1661,小田,オダ,敏雄,トシオ,33,1986/5/1,男,114-8565,東京都,北区,十条台１丁目５−７０,090-1950-2273
10,定期,小崎,オザキ,淳一,ジュンイチ,47,1972/2/21,男,100-8976,東京都,千代田区,霞が関２−１−３,080-7157-2995,小崎,オザキ,邦雄,クニオ,25,1994/12/21,男,100-8976,東京都,千代田区,霞が関２−１−３,090-3073-2155
10,定期,小崎,オザキ,淳一,ジュンイチ,47,1972/2/21,男,100-8976,東京都,千代田区,霞が関２−１−３,080-7157-2995,小崎,オザキ,淳一,ジュンイチ,47,1972/2/21,男,100-8976,東京都,千代田区,霞が関２−１−３,080-7157-2995
11,養老,小林,コバヤシ,陽香,ハルカ,26,1993/11/6,女,164-8701,東京都,中野区,中野４丁目３−２,080-2066-0926,佐野,サノ,恵子,ケイコ,32,1987/4/12,女,180-8522,東京都,武蔵野市,吉祥寺本町３丁目２７−１,080-5737-3544
11,長寿支援,小林,コバヤシ,陽香,ハルカ,26,1993/11/6,女,164-8701,東京都,中野区,中野４丁目３−２,080-2066-0926,小林,コバヤシ,一郎,イチロウ,55,1964/7/5,男,164-8701,東京都,中野区,中野４丁目３−２,080-2034-1171
19,終身,平石,ヒライシ,俊子,トシコ,28,1991/8/24,女,124-8530,東京都,葛飾区,西新小岩１丁目４番６号,090-0671-9415,平石,ヒライシ,一寿,カズヒサ,63,1956/3/12,男,124-8530,東京都,葛飾区,西新小岩１丁目４番６号,090-3243-0142
19,特別終身,平石,ヒライシ,俊子,トシコ,28,1991/8/24,女,124-8530,東京都,葛飾区,西新小岩１丁目４番６号,090-0671-9415,平石,ヒライシ,有正,アリマサ,21,1999/1/14,男,124-8530,東京都,葛飾区,西新小岩１丁目４番６号,080-0502-3882
19,特別終身,平石,ヒライシ,俊子,トシコ,28,1991/8/24,女,124-8530,東京都,葛飾区,西新小岩１丁目４番６号,090-0671-9415,平石,ヒライシ,俊子,トシコ,28,1991/8/24,女,124-8530,東京都,葛飾区,西新小岩１丁目４番６号,090-0671-9415
19,養老,平石,ヒライシ,俊子,トシコ,28,1991/8/24,女,124-8530,東京都,葛飾区,西新小岩１丁目４番６号,090-0671-9415,平石,ヒライシ,琴音,コトネ,37,1982/5/29,女,124-8530,東京都,葛飾区,西新小岩１丁目４番６号,090-4830-7725
19,定期,平石,ヒライシ,俊子,トシコ,28,1991/8/24,女,124-8530,東京都,葛飾区,西新小岩１丁目４番６号,090-0671-9415,平石,ヒライシ,俊子,トシコ,28,1991/8/24,女,124-8530,東京都,葛飾区,西新小岩１丁目４番６号,090-0671-9415
19,学資,平石,ヒライシ,俊子,トシコ,28,1991/8/24,女,124-8530,東京都,葛飾区,西新小岩１丁目４番６号,090-0671-9415,平石,ヒライシ,鉄雄,テツオ,4,1984/2/20,男,124-8530,東京都,葛飾区,西新小岩１丁目４番６号,090-8498-8732
19,養老,平石,ヒライシ,俊子,トシコ,28,1991/8/24,女,124-8530,東京都,葛飾区,西新小岩１丁目４番６号,090-0671-9415,平石,ヒライシ,実結,ミユ,32,1987/9/20,女,124-8530,東京都,葛飾区,西新小岩１丁目４番６号,080-8166-6789
9,養老,小森,コモリ,唯菜,ユイナ,33,1986/5/16,女,173-8639,東京都,板橋区,板橋１丁目４２−１３大佳板橋ビル５Ｆ,090-9686-1650,東谷,アズマヤ,結花,ユイカ,16,2003/4/30,女,116-8561,東京都,荒川区,西尾久７丁目４９−８,090-3316-2743
9,特別終身,小森,コモリ,唯菜,ユイナ,33,1986/5/16,女,173-8639,東京都,板橋区,板橋１丁目４２−１３大佳板橋ビル５Ｆ,090-9686-1650,小森,コモリ,唯菜,ユイナ,33,1986/5/16,女,173-8639,東京都,板橋区,板橋１丁目４２−１３大佳板橋ビル５Ｆ,090-9686-1650
9,終身,小森,コモリ,唯菜,ユイナ,33,1986/5/16,女,173-8639,東京都,板橋区,板橋１丁目４２−１３大佳板橋ビル５Ｆ,090-9686-1650,小森,コモリ,唯菜,ユイナ,33,1986/5/16,女,173-8639,東京都,板橋区,板橋１丁目４２−１３大佳板橋ビル５Ｆ,090-9686-1650
9,定期,小森,コモリ,唯菜,ユイナ,33,1986/5/16,女,173-8639,東京都,板橋区,板橋１丁目４２−１３大佳板橋ビル５Ｆ,090-9686-1650,小森,コモリ,唯菜,ユイナ,33,1986/5/16,女,173-8639,東京都,板橋区,板橋１丁目４２−１３大佳板橋ビル５Ｆ,090-9686-1650
9,終身,小森,コモリ,唯菜,ユイナ,33,1986/5/16,女,173-8639,東京都,板橋区,板橋１丁目４２−１３大佳板橋ビル５Ｆ,090-9686-1650,小森,コモリ,愛華,アイカ,34,1985/2/10,女,173-8639,東京都,板橋区,板橋１丁目４２−１３大佳板橋ビル５Ｆ,090-9663-3310
9,終身,小森,コモリ,唯菜,ユイナ,33,1986/5/16,女,173-8639,東京都,板橋区,板橋１丁目４２−１３大佳板橋ビル５Ｆ,090-9686-1650,小森,コモリ,唯菜,ユイナ,33,1986/5/16,女,173-8639,東京都,板橋区,板橋１丁目４２−１３大佳板橋ビル５Ｆ,090-9686-1650
5,定期,広田,ヒロタ,祐子,ユウコ,27,1992/7/3,女,194-8510,東京都,町田市,鶴間６５８−１,080-1841-8377,広田,ヒロタ,祐子,ユウコ,27,1992/7/3,女,194-8510,東京都,町田市,鶴間６５８−１,080-1841-8377
5,特別終身,広田,ヒロタ,祐子,ユウコ,27,1992/7/3,女,194-8510,東京都,町田市,鶴間６５８−１,080-1841-8377,広田,ヒロタ,祐子,ユウコ,27,1992/7/3,女,194-8510,東京都,町田市,鶴間６５８−１,080-1841-8377
5,定期,広田,ヒロタ,祐子,ユウコ,27,1992/7/3,女,194-8510,東京都,町田市,鶴間６５８−１,080-1841-8377,保田,ホダ,善一,ゼンイチ,5,2014/7/16,男,182-8621,東京都,調布市,国領町４丁目３４−１,090-3784-7671
5,終身,広田,ヒロタ,祐子,ユウコ,27,1992/7/3,女,194-8510,東京都,町田市,鶴間６５８−１,080-1841-8377,広田,ヒロタ,祐子,ユウコ,27,1992/7/3,女,194-8510,東京都,町田市,鶴間６５８−１,080-1841-8377
10,定期,宮崎,ミヤザキ,政治,マサジ,30,1989/11/22,男,132-8666,東京都,江戸川区,中央１丁目８−１,080-7565-4178,宮崎,ミヤザキ,政治,マサジ,30,1989/11/22,男,132-8666,東京都,江戸川区,中央１丁目８−１,080-7565-4178
7,定期,渡辺,ワタナベ,威雄,タケオ,48,1971/5/2,男,105-8484,東京都,港区,芝大門２−１０−１２ＫＤＸ芝大門,080-9612-2562,渡辺,ワタナベ,威雄,タケオ,48,1971/5/2,男,105-8484,東京都,港区,芝大門２−１０−１２ＫＤＸ芝大門,080-9612-2562
7,特別終身,渡辺,ワタナベ,威雄,タケオ,48,1971/5/2,男,105-8484,東京都,港区,芝大門２−１０−１２ＫＤＸ芝大門,080-9612-2562,渡辺,ワタナベ,悠花,ユウカ,54,1965/5/22,女,105-8484,東京都,港区,芝大門２−１０−１２ＫＤＸ芝大門,080-0878-0171
7,長寿支援,渡辺,ワタナベ,威雄,タケオ,48,1971/5/2,男,105-8484,東京都,港区,芝大門２−１０−１２ＫＤＸ芝大門,080-9612-2562,渡辺,ワタナベ,威雄,タケオ,48,1971/5/2,男,105-8484,東京都,港区,芝大門２−１０−１２ＫＤＸ芝大門,080-9612-2562
7,終身,渡辺,ワタナベ,威雄,タケオ,48,1971/5/2,男,105-8484,東京都,港区,芝大門２−１０−１２ＫＤＸ芝大門,080-9612-2562,井原,イハラ,浩志,コウジ,30,1989/8/31,男,100-6177,東京都,千代田区,永田町２丁目１１−１山王パークタワー,080-7437-0837
7,定期,渡辺,ワタナベ,威雄,タケオ,48,1971/5/2,男,105-8484,東京都,港区,芝大門２−１０−１２ＫＤＸ芝大門,080-9612-2562,渡辺,ワタナベ,美紀子,ミキコ,12,2007/11/9,女,105-8484,東京都,港区,芝大門２−１０−１２ＫＤＸ芝大門,090-4174-7058
7,学資,渡辺,ワタナベ,威雄,タケオ,48,1971/5/2,男,105-8484,東京都,港区,芝大門２−１０−１２ＫＤＸ芝大門,080-9612-2562,渡辺,ワタナベ,有美,ユミ,8,1966/11/20,女,105-8484,東京都,港区,芝大門２−１０−１２ＫＤＸ芝大門,090-5537-3985
14,特別終身,加藤,カトウ,章子,アキコ,30,1990/1/23,女,146-8631,東京都,大田区,池上７丁目１７−２３,090-0703-9278,加藤,カトウ,治夫,ハルオ,38,1981/8/11,男,146-8631,東京都,大田区,池上７丁目１７−２３,090-5433-3254
14,学資,加藤,カトウ,章子,アキコ,30,1990/1/23,女,146-8631,東京都,大田区,池上７丁目１７−２３,090-0703-9278,加藤,カトウ,幸三,コウゾウ,2,2006/4/29,男,146-8631,東京都,大田区,池上７丁目１７−２３,080-3540-5739
14,定期,加藤,カトウ,章子,アキコ,30,1990/1/23,女,146-8631,東京都,大田区,池上７丁目１７−２３,090-0703-9278,加藤,カトウ,章子,アキコ,30,1990/1/23,女,146-8631,東京都,大田区,池上７丁目１７−２３,090-0703-9278
10,学資,大河内,オオガワラ,琉那,ルナ,11,2008/12/9,女,112-8011,東京都,文京区,音羽１丁目１６−６,090-8095-3455,大河内,オオガワラ,美里,ミサト,0,1954/12/13,女,112-8011,東京都,文京区,音羽１丁目１６−６,090-9402-4551
10,学資,大河内,オオガワラ,琉那,ルナ,11,2008/12/9,女,112-8011,東京都,文京区,音羽１丁目１６−６,090-8095-3455,大河内,オオガワラ,宏美,ヒロミ,7,1994/8/2,女,112-8011,東京都,文京区,音羽１丁目１６−６,090-2969-9290
10,特別終身,大河内,オオガワラ,琉那,ルナ,11,2008/12/9,女,112-8011,東京都,文京区,音羽１丁目１６−６,090-8095-3455,大河内,オオガワラ,琉那,ルナ,11,2008/12/9,女,112-8011,東京都,文京区,音羽１丁目１６−６,090-8095-3455
13,定期,常盤,ジョウバン,宗雄,ムネオ,29,1990/7/24,男,169-8656,東京都,新宿区,高田馬場２丁目１３番１６号,080-0659-9009,常盤,ジョウバン,宗雄,ムネオ,29,1990/7/24,男,169-8656,東京都,新宿区,高田馬場２丁目１３番１６号,080-0659-9009
17,定期,安保,アボ,佐登子,サトコ,46,1973/12/2,女,101-8415,東京都,千代田区,神田神保町２丁目３０,090-6148-6421,安保,アボ,佐登子,サトコ,46,1973/12/2,女,101-8415,東京都,千代田区,神田神保町２丁目３０,090-6148-6421
17,終身,安保,アボ,佐登子,サトコ,46,1973/12/2,女,101-8415,東京都,千代田区,神田神保町２丁目３０,090-6148-6421,安保,アボ,瑞希,ミズキ,21,1998/10/13,女,101-8415,東京都,千代田区,神田神保町２丁目３０,080-2416-1326
17,終身,安保,アボ,佐登子,サトコ,46,1973/12/2,女,101-8415,東京都,千代田区,神田神保町２丁目３０,090-6148-6421,安保,アボ,佐登子,サトコ,46,1973/12/2,女,101-8415,東京都,千代田区,神田神保町２丁目３０,090-6148-6421
2,終身,桑原,クワハラ,健介,ケンスケ,38,1981/5/4,男,103-8360,東京都,中央区,日本橋蛎殻町１丁目３１−１,080-5449-2153,桑原,クワハラ,健介,ケンスケ,38,1981/5/4,男,103-8360,東京都,中央区,日本橋蛎殻町１丁目３１−１,080-5449-2153
2,学資,桑原,クワハラ,健介,ケンスケ,38,1981/5/4,男,103-8360,東京都,中央区,日本橋蛎殻町１丁目３１−１,080-5449-2153,桑原,クワハラ,秋夫,アキオ,6,2010/1/29,男,103-8360,東京都,中央区,日本橋蛎殻町１丁目３１−１,090-7851-6147
2,養老,桑原,クワハラ,健介,ケンスケ,38,1981/5/4,男,103-8360,東京都,中央区,日本橋蛎殻町１丁目３１−１,080-5449-2153,桑原,クワハラ,健介,ケンスケ,38,1981/5/4,男,103-8360,東京都,中央区,日本橋蛎殻町１丁目３１−１,080-5449-2153
15,終身,沢井,サワイ,晃一,コウイチ,14,2005/2/24,男,103-8423,東京都,中央区,日本橋箱崎町３６−２リバーサイド読売ビル１２階,080-0263-3621,沢井,サワイ,一平,イッペイ,18,2001/3/17,男,103-8423,東京都,中央区,日本橋箱崎町３６−２リバーサイド読売ビル１２階,090-0438-1503
15,学資,沢井,サワイ,晃一,コウイチ,14,2005/2/24,男,103-8423,東京都,中央区,日本橋箱崎町３６−２リバーサイド読売ビル１２階,080-0263-3621,沢井,サワイ,江民,エミ,8,1998/11/23,女,103-8423,東京都,中央区,日本橋箱崎町３６−２リバーサイド読売ビル１２階,090-6760-7603
6,終身,内堀,ウチボリ,裕一,ユウイチ,24,1996/1/14,男,101-8461,東京都,千代田区,神田錦町３丁目１７番地廣瀬第１ビル,090-7393-5507,内堀,ウチボリ,裕一,ユウイチ,24,1996/1/14,男,101-8461,東京都,千代田区,神田錦町３丁目１７番地廣瀬第１ビル,090-7393-5507
3,養老,野口,ノグチ,亨治,ミチハル,25,1994/6/8,男,105-8429,東京都,港区,西新橋１丁目４−５,080-6714-2641,清川,キヨカワ,瑞貴,ミズキ,62,1957/3/23,女,100-6753,東京都,千代田区,丸の内１−９−１,090-9250-4047
3,定期,野口,ノグチ,亨治,ミチハル,25,1994/6/8,男,105-8429,東京都,港区,西新橋１丁目４−５,080-6714-2641,野口,ノグチ,亨治,ミチハル,25,1994/6/8,男,105-8429,東京都,港区,西新橋１丁目４−５,080-6714-2641
3,終身,野口,ノグチ,亨治,ミチハル,25,1994/6/8,男,105-8429,東京都,港区,西新橋１丁目４−５,080-6714-2641,野口,ノグチ,亨治,ミチハル,25,1994/6/8,男,105-8429,東京都,港区,西新橋１丁目４−５,080-6714-2641
3,終身,野口,ノグチ,亨治,ミチハル,25,1994/6/8,男,105-8429,東京都,港区,西新橋１丁目４−５,080-6714-2641,野口,ノグチ,真希,マキ,60,1959/2/27,女,105-8429,東京都,港区,西新橋１丁目４−５,080-5778-3492
3,学資,野口,ノグチ,亨治,ミチハル,25,1994/6/8,男,105-8429,東京都,港区,西新橋１丁目４−５,080-6714-2641,野口,ノグチ,哲,サトシ,3,1983/3/21,男,105-8429,東京都,港区,西新橋１丁目４−５,090-6008-6032
11,終身,羽鳥,ハネトリ,莉穂,リホ,16,2003/10/16,女,146-8577,東京都,大田区,鵜の木２丁目８−４,080-0892-9921,羽鳥,ハネトリ,莉穂,リホ,16,2003/10/16,女,146-8577,東京都,大田区,鵜の木２丁目８−４,080-0892-9921
11,終身,羽鳥,ハネトリ,莉穂,リホ,16,2003/10/16,女,146-8577,東京都,大田区,鵜の木２丁目８−４,080-0892-9921,羽鳥,ハネトリ,匠,タクミ,19,2000/8/31,男,146-8577,東京都,大田区,鵜の木２丁目８−４,080-2279-6029
11,長寿支援,羽鳥,ハネトリ,莉穂,リホ,16,2003/10/16,女,146-8577,東京都,大田区,鵜の木２丁目８−４,080-0892-9921,羽鳥,ハネトリ,莉穂,リホ,16,2003/10/16,女,146-8577,東京都,大田区,鵜の木２丁目８−４,080-0892-9921
11,養老,羽鳥,ハネトリ,莉穂,リホ,16,2003/10/16,女,146-8577,東京都,大田区,鵜の木２丁目８−４,080-0892-9921,羽鳥,ハネトリ,莉穂,リホ,16,2003/10/16,女,146-8577,東京都,大田区,鵜の木２丁目８−４,080-0892-9921
11,養老,羽鳥,ハネトリ,莉穂,リホ,16,2003/10/16,女,146-8577,東京都,大田区,鵜の木２丁目８−４,080-0892-9921,羽鳥,ハネトリ,莉穂,リホ,16,2003/10/16,女,146-8577,東京都,大田区,鵜の木２丁目８−４,080-0892-9921
11,定期,羽鳥,ハネトリ,莉穂,リホ,16,2003/10/16,女,146-8577,東京都,大田区,鵜の木２丁目８−４,080-0892-9921,羽鳥,ハネトリ,莉穂,リホ,16,2003/10/16,女,146-8577,東京都,大田区,鵜の木２丁目８−４,080-0892-9921
11,定期,羽鳥,ハネトリ,莉穂,リホ,16,2003/10/16,女,146-8577,東京都,大田区,鵜の木２丁目８−４,080-0892-9921,羽鳥,ハネトリ,高志,タカシ,28,1991/10/26,男,146-8577,東京都,大田区,鵜の木２丁目８−４,090-3899-8787
19,養老,重田,オモダ,光枝,ミツエ,17,2003/1/19,女,157-8501,東京都,世田谷区,成城６丁目２−１,090-1246-1629,重田,オモダ,光枝,ミツエ,17,2003/1/19,女,157-8501,東京都,世田谷区,成城６丁目２−１,090-1246-1629
19,長寿支援,重田,オモダ,光枝,ミツエ,17,2003/1/19,女,157-8501,東京都,世田谷区,成城６丁目２−１,090-1246-1629,重田,オモダ,好雄,ヨシオ,49,1970/8/31,男,157-8501,東京都,世田谷区,成城６丁目２−１,080-4006-9133
19,学資,重田,オモダ,光枝,ミツエ,17,2003/1/19,女,157-8501,東京都,世田谷区,成城６丁目２−１,090-1246-1629,重田,オモダ,喜市,キイチ,11,1982/2/1,男,157-8501,東京都,世田谷区,成城６丁目２−１,090-5974-8308
19,終身,重田,オモダ,光枝,ミツエ,17,2003/1/19,女,157-8501,東京都,世田谷区,成城６丁目２−１,090-1246-1629,重田,オモダ,陽一,ヨウイチ,46,1973/12/14,男,157-8501,東京都,世田谷区,成城６丁目２−１,080-9879-9130
7,養老,奥原,オクハラ,美姫,ミキ,16,2003/11/14,女,100-8262,東京都,千代田区,丸の内１丁目６−５,080-8207-2913,谷川,タニガワ,清一郎,セイイチロウ,41,1978/2/13,男,132-8601,東京都,江戸川区,松江１丁目２２−１４,080-8680-5894
7,終身,奥原,オクハラ,美姫,ミキ,16,2003/11/14,女,100-8262,東京都,千代田区,丸の内１丁目６−５,080-8207-2913,奥原,オクハラ,美姫,ミキ,16,2003/11/14,女,100-8262,東京都,千代田区,丸の内１丁目６−５,080-8207-2913
12,養老,金城,キンジョウ,竹志,タケシ,15,2004/10/19,男,104-8177,東京都,中央区,築地１丁目１２番２２号コンワビル２階,080-0704-4524,金城,キンジョウ,竹志,タケシ,15,2004/10/19,男,104-8177,東京都,中央区,築地１丁目１２番２２号コンワビル２階,080-0704-4524
12,特別終身,金城,キンジョウ,竹志,タケシ,15,2004/10/19,男,104-8177,東京都,中央区,築地１丁目１２番２２号コンワビル２階,080-0704-4524,金城,キンジョウ,道子,ミチコ,49,1970/12/2,女,104-8177,東京都,中央区,築地１丁目１２番２２号コンワビル２階,090-6697-6906
12,終身,金城,キンジョウ,竹志,タケシ,15,2004/10/19,男,104-8177,東京都,中央区,築地１丁目１２番２２号コンワビル２階,080-0704-4524,金城,キンジョウ,玲菜,レナ,22,1997/5/11,女,104-8177,東京都,中央区,築地１丁目１２番２２号コンワビル２階,080-2555-0760
12,学資,金城,キンジョウ,竹志,タケシ,15,2004/10/19,男,104-8177,東京都,中央区,築地１丁目１２番２２号コンワビル２階,080-0704-4524,金城,キンジョウ,椛,モミジ,6,1975/11/10,女,104-8177,東京都,中央区,築地１丁目１２番２２号コンワビル２階,080-3652-4854
12,特別終身,金城,キンジョウ,竹志,タケシ,15,2004/10/19,男,104-8177,東京都,中央区,築地１丁目１２番２２号コンワビル２階,080-0704-4524,金城,キンジョウ,竹志,タケシ,15,2004/10/19,男,104-8177,東京都,中央区,築地１丁目１２番２２号コンワビル２階,080-0704-4524
7,学資,一ノ瀬,イチノセ,友美,ユミ,12,2007/8/23,女,100-8506,東京都,千代田区,内幸町２丁目１−１,090-8551-1123,一ノ瀬,イチノセ,美智子,ミチコ,7,1987/8/27,女,100-8506,東京都,千代田区,内幸町２丁目１−１,090-8914-4624
7,定期,一ノ瀬,イチノセ,友美,ユミ,12,2007/8/23,女,100-8506,東京都,千代田区,内幸町２丁目１−１,090-8551-1123,一ノ瀬,イチノセ,久夫,ヒサオ,48,1971/12/5,男,100-8506,東京都,千代田区,内幸町２丁目１−１,090-8317-0470
7,長寿支援,一ノ瀬,イチノセ,友美,ユミ,12,2007/8/23,女,100-8506,東京都,千代田区,内幸町２丁目１−１,090-8551-1123,一ノ瀬,イチノセ,友美,ユミ,12,2007/8/23,女,100-8506,東京都,千代田区,内幸町２丁目１−１,090-8551-1123
7,特別終身,一ノ瀬,イチノセ,友美,ユミ,12,2007/8/23,女,100-8506,東京都,千代田区,内幸町２丁目１−１,090-8551-1123,一ノ瀬,イチノセ,友美,ユミ,12,2007/8/23,女,100-8506,東京都,千代田区,内幸町２丁目１−１,090-8551-1123
7,学資,一ノ瀬,イチノセ,友美,ユミ,12,2007/8/23,女,100-8506,東京都,千代田区,内幸町２丁目１−１,090-8551-1123,一ノ瀬,イチノセ,好一,ヨシカズ,11,2002/1/18,男,100-8506,東京都,千代田区,内幸町２丁目１−１,080-0963-8092
7,終身,一ノ瀬,イチノセ,友美,ユミ,12,2007/8/23,女,100-8506,東京都,千代田区,内幸町２丁目１−１,090-8551-1123,一ノ瀬,イチノセ,友美,ユミ,12,2007/8/23,女,100-8506,東京都,千代田区,内幸町２丁目１−１,090-8551-1123
7,長寿支援,一ノ瀬,イチノセ,友美,ユミ,12,2007/8/23,女,100-8506,東京都,千代田区,内幸町２丁目１−１,090-8551-1123,一ノ瀬,イチノセ,賢,ケン,29,1990/3/28,男,100-8506,東京都,千代田区,内幸町２丁目１−１,090-2352-4064
9,終身,大林,オオバヤシ,真紗子,マサコ,29,1990/10/21,女,102-8573,東京都,千代田区,飯田橋２丁目１８−４,090-5135-7267,大林,オオバヤシ,真紗子,マサコ,29,1990/10/21,女,102-8573,東京都,千代田区,飯田橋２丁目１８−４,090-5135-7267
9,学資,大林,オオバヤシ,真紗子,マサコ,29,1990/10/21,女,102-8573,東京都,千代田区,飯田橋２丁目１８−４,090-5135-7267,大林,オオバヤシ,初江,ハツエ,0,1977/5/26,女,102-8573,東京都,千代田区,飯田橋２丁目１８−４,080-9023-1748
9,終身,大林,オオバヤシ,真紗子,マサコ,29,1990/10/21,女,102-8573,東京都,千代田区,飯田橋２丁目１８−４,090-5135-7267,大林,オオバヤシ,真紗子,マサコ,29,1990/10/21,女,102-8573,東京都,千代田区,飯田橋２丁目１８−４,090-5135-7267
9,終身,瀬戸口,セトグチ,千咲,チサキ,48,1971/4/4,女,183-8516,東京都,府中市,府中町１丁目９番地,090-3923-9702,瀬戸口,セトグチ,萌恵,モエ,51,1969/1/25,女,183-8516,東京都,府中市,府中町１丁目９番地,090-8462-2005
9,定期,瀬戸口,セトグチ,千咲,チサキ,48,1971/4/4,女,183-8516,東京都,府中市,府中町１丁目９番地,090-3923-9702,金原,キンバラ,剛,タケシ,25,1994/12/1,男,104-8533,東京都,中央区,八丁堀４丁目４−２,090-6467-1861
9,長寿支援,瀬戸口,セトグチ,千咲,チサキ,48,1971/4/4,女,183-8516,東京都,府中市,府中町１丁目９番地,090-3923-9702,瀬戸口,セトグチ,千咲,チサキ,48,1971/4/4,女,183-8516,東京都,府中市,府中町１丁目９番地,090-3923-9702
9,終身,瀬戸口,セトグチ,千咲,チサキ,48,1971/4/4,女,183-8516,東京都,府中市,府中町１丁目９番地,090-3923-9702,瀬戸口,セトグチ,優空,ユラ,28,1991/11/22,女,183-8516,東京都,府中市,府中町１丁目９番地,080-0203-6987
9,養老,瀬戸口,セトグチ,千咲,チサキ,48,1971/4/4,女,183-8516,東京都,府中市,府中町１丁目９番地,090-3923-9702,瀬戸口,セトグチ,千咲,チサキ,48,1971/4/4,女,183-8516,東京都,府中市,府中町１丁目９番地,090-3923-9702
16,終身,土岐,ツチキ,信行,ノブユキ,34,1985/9/1,男,103-8212,東京都,中央区,日本橋茅場町２丁目８−４,080-7849-5657,土岐,ツチキ,信行,ノブユキ,34,1985/9/1,男,103-8212,東京都,中央区,日本橋茅場町２丁目８−４,080-7849-5657
16,終身,土岐,ツチキ,信行,ノブユキ,34,1985/9/1,男,103-8212,東京都,中央区,日本橋茅場町２丁目８−４,080-7849-5657,土岐,ツチキ,信行,ノブユキ,34,1985/9/1,男,103-8212,東京都,中央区,日本橋茅場町２丁目８−４,080-7849-5657
16,定期,土岐,ツチキ,信行,ノブユキ,34,1985/9/1,男,103-8212,東京都,中央区,日本橋茅場町２丁目８−４,080-7849-5657,土岐,ツチキ,琉奈,ルナ,30,1989/7/2,女,103-8212,東京都,中央区,日本橋茅場町２丁目８−４,090-8591-5100
16,終身,土岐,ツチキ,信行,ノブユキ,34,1985/9/1,男,103-8212,東京都,中央区,日本橋茅場町２丁目８−４,080-7849-5657,土岐,ツチキ,信行,ノブユキ,34,1985/9/1,男,103-8212,東京都,中央区,日本橋茅場町２丁目８−４,080-7849-5657
16,終身,土岐,ツチキ,信行,ノブユキ,34,1985/9/1,男,103-8212,東京都,中央区,日本橋茅場町２丁目８−４,080-7849-5657,土岐,ツチキ,信行,ノブユキ,34,1985/9/1,男,103-8212,東京都,中央区,日本橋茅場町２丁目８−４,080-7849-5657
16,定期,土岐,ツチキ,信行,ノブユキ,34,1985/9/1,男,103-8212,東京都,中央区,日本橋茅場町２丁目８−４,080-7849-5657,土岐,ツチキ,明音,アカネ,32,1987/12/9,女,103-8212,東京都,中央区,日本橋茅場町２丁目８−４,090-0311-4090
0,終身,井本,イモト,尚生,ヒサオ,14,2005/10/5,男,115-8510,東京都,北区,浮間５−４−５１,080-8270-3084,井本,イモト,尚生,ヒサオ,14,2005/10/5,男,115-8510,東京都,北区,浮間５−４−５１,080-8270-3084
14,養老,堤,ツツミ,睦,ムツミ,35,1984/12/5,女,112-8651,東京都,文京区,音羽２丁目１０−２,080-7795-3048,堤,ツツミ,睦,ムツミ,35,1984/12/5,女,112-8651,東京都,文京区,音羽２丁目１０−２,080-7795-3048
14,養老,堤,ツツミ,睦,ムツミ,35,1984/12/5,女,112-8651,東京都,文京区,音羽２丁目１０−２,080-7795-3048,真木,マキ,千代,チヨ,22,1997/6/27,女,141-8630,東京都,品川区,東五反田２丁目３−５,090-3598-5549
14,終身,堤,ツツミ,睦,ムツミ,35,1984/12/5,女,112-8651,東京都,文京区,音羽２丁目１０−２,080-7795-3048,堤,ツツミ,睦,ムツミ,35,1984/12/5,女,112-8651,東京都,文京区,音羽２丁目１０−２,080-7795-3048
14,養老,堤,ツツミ,睦,ムツミ,35,1984/12/5,女,112-8651,東京都,文京区,音羽２丁目１０−２,080-7795-3048,堤,ツツミ,睦,ムツミ,35,1984/12/5,女,112-8651,東京都,文京区,音羽２丁目１０−２,080-7795-3048
14,養老,堤,ツツミ,睦,ムツミ,35,1984/12/5,女,112-8651,東京都,文京区,音羽２丁目１０−２,080-7795-3048,堤,ツツミ,睦,ムツミ,35,1984/12/5,女,112-8651,東京都,文京区,音羽２丁目１０−２,080-7795-3048
15,終身,小畑,オバタ,幹男,ミキオ,36,1983/9/13,男,110-8714,東京都,台東区,上野公園１２−８,080-7480-5161,小畑,オバタ,幹男,ミキオ,36,1983/9/13,男,110-8714,東京都,台東区,上野公園１２−８,080-7480-5161
15,長寿支援,小畑,オバタ,幹男,ミキオ,36,1983/9/13,男,110-8714,東京都,台東区,上野公園１２−８,080-7480-5161,小畑,オバタ,幹男,ミキオ,36,1983/9/13,男,110-8714,東京都,台東区,上野公園１２−８,080-7480-5161
17,学資,白水,シラミズ,和茂,カズシゲ,43,1977/1/11,男,114-8603,東京都,北区,豊島８丁目３−３,080-9255-8494,白水,シラミズ,雛乃,ヒナノ,2,2000/6/6,女,114-8603,東京都,北区,豊島８丁目３−３,090-6200-0558
19,養老,松井,マツイ,浩二,コウジ,11,2008/9/7,男,131-8519,東京都,墨田区,文花３丁目２１−１７,080-4878-2661,松井,マツイ,浩二,コウジ,11,2008/9/7,男,131-8519,東京都,墨田区,文花３丁目２１−１７,080-4878-2661
16,終身,阪田,サカタ,金吾,キンゴ,49,1970/9/22,男,104-8134,東京都,中央区,銀座７丁目１６−３,090-6224-1804,春木,ハルキ,清次,セイジ,39,1980/12/27,男,100-8601,東京都,千代田区,大手町２−３−２,080-6964-2855
12,養老,田井,タイ,望美,ノゾミ,62,1957/12/1,女,153-8551,東京都,目黒区,東山３丁目５−２,090-8659-9540,田井,タイ,和歌子,ワカコ,48,1971/5/8,女,153-8551,東京都,目黒区,東山３丁目５−２,080-1601-8263
12,定期,田井,タイ,望美,ノゾミ,62,1957/12/1,女,153-8551,東京都,目黒区,東山３丁目５−２,090-8659-9540,田井,タイ,望美,ノゾミ,62,1957/12/1,女,153-8551,東京都,目黒区,東山３丁目５−２,090-8659-9540
12,定期,田井,タイ,望美,ノゾミ,62,1957/12/1,女,153-8551,東京都,目黒区,東山３丁目５−２,090-8659-9540,田井,タイ,徳男,トクオ,30,1989/6/27,男,153-8551,東京都,目黒区,東山３丁目５−２,090-5857-7001
12,養老,田井,タイ,望美,ノゾミ,62,1957/12/1,女,153-8551,東京都,目黒区,東山３丁目５−２,090-8659-9540,田井,タイ,望美,ノゾミ,62,1957/12/1,女,153-8551,東京都,目黒区,東山３丁目５−２,090-8659-9540
19,定期,齋藤,サイトウ,仁一,ジンイチ,7,2012/6/24,男,181-8612,東京都,三鷹市,下連雀５−４−１,080-2309-6393,齋藤,サイトウ,仁一,ジンイチ,7,2012/6/24,男,181-8612,東京都,三鷹市,下連雀５−４−１,080-2309-6393
19,終身,梅木,ウメキ,優香,ユウカ,32,1987/10/15,女,164-8638,東京都,中野区,本町６丁目３８番１号,090-2213-7905,梅木,ウメキ,帆花,ホノカ,40,1979/7/31,女,164-8638,東京都,中野区,本町６丁目３８番１号,090-7362-4191
17,学資,川嶋,カワシマ,亜紀子,アキコ,26,1993/3/18,女,113-8485,東京都,文京区,本郷７丁目３番１号,090-4327-7300,川嶋,カワシマ,真奈美,マナミ,5,1999/11/17,女,113-8485,東京都,文京区,本郷７丁目３番１号,090-9021-5047
17,養老,川嶋,カワシマ,亜紀子,アキコ,26,1993/3/18,女,113-8485,東京都,文京区,本郷７丁目３番１号,090-4327-7300,川嶋,カワシマ,亜紀子,アキコ,26,1993/3/18,女,113-8485,東京都,文京区,本郷７丁目３番１号,090-4327-7300
17,終身,川嶋,カワシマ,亜紀子,アキコ,26,1993/3/18,女,113-8485,東京都,文京区,本郷７丁目３番１号,090-4327-7300,川嶋,カワシマ,亜紀子,アキコ,26,1993/3/18,女,113-8485,東京都,文京区,本郷７丁目３番１号,090-4327-7300
17,長寿支援,川嶋,カワシマ,亜紀子,アキコ,26,1993/3/18,女,113-8485,東京都,文京区,本郷７丁目３番１号,090-4327-7300,川嶋,カワシマ,伊代,イヨ,30,1989/12/10,女,113-8485,東京都,文京区,本郷７丁目３番１号,090-0284-7219
17,特別終身,川嶋,カワシマ,亜紀子,アキコ,26,1993/3/18,女,113-8485,東京都,文京区,本郷７丁目３番１号,090-4327-7300,川嶋,カワシマ,由起夫,ユキオ,34,1985/4/30,男,113-8485,東京都,文京区,本郷７丁目３番１号,090-0796-5696
17,終身,北林,キタバヤシ,孝志,タカシ,13,2006/3/3,男,101-8365,東京都,千代田区,三崎町２丁目１１−７,080-0401-7570,北林,キタバヤシ,愛梨,アイリ,48,1971/11/8,女,101-8365,東京都,千代田区,三崎町２丁目１１−７,080-8365-7838
3,養老,池野,イケノ,絵理,エリ,19,2001/1/3,女,104-8420,東京都,中央区,築地２丁目５−３,090-2167-6780,池野,イケノ,絵理,エリ,19,2001/1/3,女,104-8420,東京都,中央区,築地２丁目５−３,090-2167-6780
3,特別終身,池野,イケノ,絵理,エリ,19,2001/1/3,女,104-8420,東京都,中央区,築地２丁目５−３,090-2167-6780,池野,イケノ,絵理,エリ,19,2001/1/3,女,104-8420,東京都,中央区,築地２丁目５−３,090-2167-6780
3,特別終身,池野,イケノ,絵理,エリ,19,2001/1/3,女,104-8420,東京都,中央区,築地２丁目５−３,090-2167-6780,若林,ワカバヤシ,明子,アキコ,62,1957/11/1,女,103-8512,東京都,中央区,日本橋箱崎町３６−２リバーサイド読売ビル,080-4629-4804
3,特別終身,池野,イケノ,絵理,エリ,19,2001/1/3,女,104-8420,東京都,中央区,築地２丁目５−３,090-2167-6780,池野,イケノ,清一,セイイチ,41,1978/2/13,男,104-8420,東京都,中央区,築地２丁目５−３,080-7728-4650
12,養老,杉江,スギエ,明弘,アキヒロ,22,1997/8/25,男,103-8232,東京都,中央区,日本橋２丁目１５−１０,080-9250-4671,杉江,スギエ,勝哉,カツヤ,23,1996/3/17,男,103-8232,東京都,中央区,日本橋２丁目１５−１０,080-7627-9779
11,定期,猪野,イノ,善太郎,ゼンタロウ,40,1979/9/4,男,171-8521,東京都,豊島区,西池袋３丁目３３−２２,090-5905-8240,猪野,イノ,長次郎,チョウジロウ,50,1969/11/2,男,171-8521,東京都,豊島区,西池袋３丁目３３−２２,090-9427-4882
15,定期,間宮,マミヤ,美穂子,ミホコ,25,1995/1/9,女,105-8456,東京都,港区,虎ノ門３丁目１８−１９虎ノ門マリンビル,080-5445-3033,間宮,マミヤ,美穂子,ミホコ,25,1995/1/9,女,105-8456,東京都,港区,虎ノ門３丁目１８−１９虎ノ門マリンビル,080-5445-3033
2,養老,宮武,ミヤタケ,初男,ハツオ,19,2000/10/20,男,112-8585,東京都,文京区,小日向３丁目４−１４,090-2539-1232,宮武,ミヤタケ,初男,ハツオ,19,2000/10/20,男,112-8585,東京都,文京区,小日向３丁目４−１４,090-2539-1232
19,学資,重田,オモダ,建司,ケンジ,27,1992/12/12,男,114-8580,東京都,北区,西ケ原４丁目５１−２１,080-7956-4240,重田,オモダ,吉郎,キチロウ,7,1986/7/28,男,114-8580,東京都,北区,西ケ原４丁目５１−２１,090-4113-8739
19,学資,重田,オモダ,建司,ケンジ,27,1992/12/12,男,114-8580,東京都,北区,西ケ原４丁目５１−２１,080-7956-4240,重田,オモダ,豊,ユタカ,9,2000/6/18,男,114-8580,東京都,北区,西ケ原４丁目５１−２１,080-2239-5156
11,養老,小杉,コスギ,絢香,アヤカ,46,1973/8/17,女,105-8577,東京都,港区,新橋６丁目１−１１タウィンチ御成門,080-1539-6762,小杉,コスギ,絢香,アヤカ,46,1973/8/17,女,105-8577,東京都,港区,新橋６丁目１−１１タウィンチ御成門,080-1539-6762
11,終身,小杉,コスギ,絢香,アヤカ,46,1973/8/17,女,105-8577,東京都,港区,新橋６丁目１−１１タウィンチ御成門,080-1539-6762,小杉,コスギ,信行,ノブユキ,42,1977/3/10,男,105-8577,東京都,港区,新橋６丁目１−１１タウィンチ御成門,080-6317-0111
15,長寿支援,小宮,コミヤ,陳雄,ノブオ,28,1991/7/13,男,103-8373,東京都,中央区,日本橋馬喰町２丁目１−３,090-3235-6344,小宮,コミヤ,亜希子,アキコ,61,1958/4/5,女,103-8373,東京都,中央区,日本橋馬喰町２丁目１−３,090-0830-3184
5,長寿支援,川元,カワモト,大地,ダイチ,30,1989/10/14,男,169-8578,東京都,新宿区,高田馬場４−２８−１２,090-8527-4942,飯島,イイジマ,江民,エミ,46,1973/9/21,女,100-8132,東京都,千代田区,大手町１丁目１番１号大手町パークビルディング,080-1936-3528
5,終身,川元,カワモト,大地,ダイチ,30,1989/10/14,男,169-8578,東京都,新宿区,高田馬場４−２８−１２,090-8527-4942,川元,カワモト,大地,ダイチ,30,1989/10/14,男,169-8578,東京都,新宿区,高田馬場４−２８−１２,090-8527-4942
5,長寿支援,川元,カワモト,大地,ダイチ,30,1989/10/14,男,169-8578,東京都,新宿区,高田馬場４−２８−１２,090-8527-4942,川元,カワモト,基一,キイチ,38,1981/5/8,男,169-8578,東京都,新宿区,高田馬場４−２８−１２,090-2452-4573
5,終身,川元,カワモト,大地,ダイチ,30,1989/10/14,男,169-8578,東京都,新宿区,高田馬場４−２８−１２,090-8527-4942,新家,シンヤ,元彦,モトヒコ,31,1988/3/30,男,100-8665,東京都,千代田区,大手町１丁目７−２,090-2820-7795
9,特別終身,塙,ハナワ,佳佑,ケイスケ,60,1959/12/27,男,190-1293,東京都,西多摩郡瑞穂町,箱根ケ崎東松原２６−１７,090-7065-5185,塙,ハナワ,裕美,ヒロミ,51,1968/4/28,女,190-1293,東京都,西多摩郡瑞穂町,箱根ケ崎東松原２６−１７,090-0682-3734
2,特別終身,李,リ,由子,ユウコ,28,1991/2/27,女,114-8535,東京都,北区,滝野川５丁目４２,090-1519-9187,李,リ,由子,ユウコ,28,1991/2/27,女,114-8535,東京都,北区,滝野川５丁目４２,090-1519-9187
11,終身,永沢,エイザワ,文昭,フミアキ,68,1951/7/28,男,130-8603,東京都,墨田区,横川１丁目１７−７,090-5972-0703,永沢,エイザワ,文昭,フミアキ,68,1951/7/28,男,130-8603,東京都,墨田区,横川１丁目１７−７,090-5972-0703
14,終身,新野,シンノ,元彦,モトヒコ,22,1997/9/15,男,133-8558,東京都,江戸川区,東松本２丁目１７−９,080-5931-4420,新野,シンノ,元彦,モトヒコ,22,1997/9/15,男,133-8558,東京都,江戸川区,東松本２丁目１７−９,080-5931-4420
14,学資,新野,シンノ,元彦,モトヒコ,22,1997/9/15,男,133-8558,東京都,江戸川区,東松本２丁目１７−９,080-5931-4420,新野,シンノ,章,アキラ,3,1997/10/17,男,133-8558,東京都,江戸川区,東松本２丁目１７−９,090-2926-2305
14,終身,新野,シンノ,元彦,モトヒコ,22,1997/9/15,男,133-8558,東京都,江戸川区,東松本２丁目１７−９,080-5931-4420,新野,シンノ,元彦,モトヒコ,22,1997/9/15,男,133-8558,東京都,江戸川区,東松本２丁目１７−９,080-5931-4420
14,長寿支援,新野,シンノ,元彦,モトヒコ,22,1997/9/15,男,133-8558,東京都,江戸川区,東松本２丁目１７−９,080-5931-4420,新野,シンノ,亜紀,アキ,31,1988/2/5,女,133-8558,東京都,江戸川区,東松本２丁目１７−９,090-0597-3379
1,長寿支援,島津,シマヅ,翔子,ショウコ,52,1967/4/3,女,160-8466,東京都,新宿区,歌舞伎町１丁目１９番１号,090-8255-7300,島津,シマヅ,利平,リヘイ,47,1972/10/14,男,160-8466,東京都,新宿区,歌舞伎町１丁目１９番１号,090-9644-0619
1,長寿支援,神,カミ,早希,サキ,25,1994/9/30,女,105-8557,東京都,港区,西新橋３丁目５−２西新橋第一法規ビル１階,080-3248-0821,羽鳥,ハトリ,竹雄,タケオ,53,1966/12/23,男,102-8580,東京都,千代田区,紀尾井町６−１２紀尾井町福田家ビル,090-7064-8080
1,特別終身,神,カミ,早希,サキ,25,1994/9/30,女,105-8557,東京都,港区,西新橋３丁目５−２西新橋第一法規ビル１階,080-3248-0821,神,カミ,早希,サキ,25,1994/9/30,女,105-8557,東京都,港区,西新橋３丁目５−２西新橋第一法規ビル１階,080-3248-0821
1,学資,神,カミ,早希,サキ,25,1994/9/30,女,105-8557,東京都,港区,西新橋３丁目５−２西新橋第一法規ビル１階,080-3248-0821,神,カミ,千加子,チカコ,3,1991/4/13,女,105-8557,東京都,港区,西新橋３丁目５−２西新橋第一法規ビル１階,080-9944-0912
2,定期,赤間,アカマ,恒雄,ツネオ,51,1968/5/19,男,108-8622,東京都,港区,高輪３丁目１３−２２,080-7789-1435,赤間,アカマ,兼吉,カネキチ,9,2010/2/19,男,108-8622,東京都,港区,高輪３丁目１３−２２,080-1573-8391
3,養老,緑川,ミドリカワ,節男,セツオ,38,1981/9/30,男,111-8605,東京都,台東区,蔵前２丁目６−７,080-7675-3850,緑川,ミドリカワ,節男,セツオ,38,1981/9/30,男,111-8605,東京都,台東区,蔵前２丁目６−７,080-7675-3850
3,定期,緑川,ミドリカワ,節男,セツオ,38,1981/9/30,男,111-8605,東京都,台東区,蔵前２丁目６−７,080-7675-3850,緑川,ミドリカワ,節男,セツオ,38,1981/9/30,男,111-8605,東京都,台東区,蔵前２丁目６−７,080-7675-3850
11,長寿支援,大津,オオツ,春菜,ハルナ,20,1999/2/7,女,106-8588,東京都,港区,南麻布２丁目１３−１９,080-6754-8753,大津,オオツ,晃,アキラ,39,1980/6/19,男,106-8588,東京都,港区,南麻布２丁目１３−１９,080-2531-8167
11,養老,大津,オオツ,春菜,ハルナ,20,1999/2/7,女,106-8588,東京都,港区,南麻布２丁目１３−１９,080-6754-8753,大津,オオツ,春菜,ハルナ,20,1999/2/7,女,106-8588,東京都,港区,南麻布２丁目１３−１９,080-6754-8753
11,終身,大津,オオツ,春菜,ハルナ,20,1999/2/7,女,106-8588,東京都,港区,南麻布２丁目１３−１９,080-6754-8753,阪上,ハンジョウ,聖,ヒジリ,33,1986/9/9,女,110-8733,東京都,台東区,東上野２丁目１１−８,090-8862-1214
11,終身,大津,オオツ,春菜,ハルナ,20,1999/2/7,女,106-8588,東京都,港区,南麻布２丁目１３−１９,080-6754-8753,大津,オオツ,春菜,ハルナ,20,1999/2/7,女,106-8588,東京都,港区,南麻布２丁目１３−１９,080-6754-8753
11,定期,大津,オオツ,春菜,ハルナ,20,1999/2/7,女,106-8588,東京都,港区,南麻布２丁目１３−１９,080-6754-8753,大津,オオツ,春菜,ハルナ,20,1999/2/7,女,106-8588,東京都,港区,南麻布２丁目１３−１９,080-6754-8753
11,終身,大津,オオツ,春菜,ハルナ,20,1999/2/7,女,106-8588,東京都,港区,南麻布２丁目１３−１９,080-6754-8753,大津,オオツ,春菜,ハルナ,20,1999/2/7,女,106-8588,東京都,港区,南麻布２丁目１３−１９,080-6754-8753
11,学資,大津,オオツ,春菜,ハルナ,20,1999/2/7,女,106-8588,東京都,港区,南麻布２丁目１３−１９,080-6754-8753,大津,オオツ,環,タマキ,6,1984/12/29,女,106-8588,東京都,港区,南麻布２丁目１３−１９,090-4716-4754
11,終身,大津,オオツ,春菜,ハルナ,20,1999/2/7,女,106-8588,東京都,港区,南麻布２丁目１３−１９,080-6754-8753,大津,オオツ,春菜,ハルナ,20,1999/2/7,女,106-8588,東京都,港区,南麻布２丁目１３−１９,080-6754-8753
18,終身,幸田,サチダ,千晶,チアキ,35,1984/6/3,女,184-8577,東京都,小金井市,本町６丁目５−３シャトー小金井１Ｆ,080-9019-0301,幸田,サチダ,詩乃,シノ,52,1968/1/26,女,184-8577,東京都,小金井市,本町６丁目５−３シャトー小金井１Ｆ,090-5277-8775
18,養老,幸田,サチダ,千晶,チアキ,35,1984/6/3,女,184-8577,東京都,小金井市,本町６丁目５−３シャトー小金井１Ｆ,080-9019-0301,幸田,サチダ,千晶,チアキ,35,1984/6/3,女,184-8577,東京都,小金井市,本町６丁目５−３シャトー小金井１Ｆ,080-9019-0301
18,終身,幸田,サチダ,千晶,チアキ,35,1984/6/3,女,184-8577,東京都,小金井市,本町６丁目５−３シャトー小金井１Ｆ,080-9019-0301,幸田,サチダ,弘美,ヒロミ,22,1997/2/17,女,184-8577,東京都,小金井市,本町６丁目５−３シャトー小金井１Ｆ,080-6006-5373
18,養老,幸田,サチダ,千晶,チアキ,35,1984/6/3,女,184-8577,東京都,小金井市,本町６丁目５−３シャトー小金井１Ｆ,080-9019-0301,幸田,サチダ,千晶,チアキ,35,1984/6/3,女,184-8577,東京都,小金井市,本町６丁目５−３シャトー小金井１Ｆ,080-9019-0301
18,学資,幸田,サチダ,千晶,チアキ,35,1984/6/3,女,184-8577,東京都,小金井市,本町６丁目５−３シャトー小金井１Ｆ,080-9019-0301,幸田,サチダ,博道,ヒロミチ,5,1987/8/24,男,184-8577,東京都,小金井市,本町６丁目５−３シャトー小金井１Ｆ,080-7726-9502
18,定期,幸田,サチダ,千晶,チアキ,35,1984/6/3,女,184-8577,東京都,小金井市,本町６丁目５−３シャトー小金井１Ｆ,080-9019-0301,幸田,サチダ,千晶,チアキ,35,1984/6/3,女,184-8577,東京都,小金井市,本町６丁目５−３シャトー小金井１Ｆ,080-9019-0301
18,定期,幸田,サチダ,千晶,チアキ,35,1984/6/3,女,184-8577,東京都,小金井市,本町６丁目５−３シャトー小金井１Ｆ,080-9019-0301,幸田,サチダ,千晶,チアキ,35,1984/6/3,女,184-8577,東京都,小金井市,本町６丁目５−３シャトー小金井１Ｆ,080-9019-0301
15,学資,松坂,マツザカ,由菜,ユナ,32,1987/12/5,女,151-8672,東京都,渋谷区,千駄ヶ谷４丁目２−１２,090-3665-0525,松坂,マツザカ,和花,ノドカ,4,1990/11/22,女,151-8672,東京都,渋谷区,千駄ヶ谷４丁目２−１２,080-2808-2860
15,特別終身,松坂,マツザカ,由菜,ユナ,32,1987/12/5,女,151-8672,東京都,渋谷区,千駄ヶ谷４丁目２−１２,090-3665-0525,松坂,マツザカ,由菜,ユナ,32,1987/12/5,女,151-8672,東京都,渋谷区,千駄ヶ谷４丁目２−１２,090-3665-0525
15,養老,松坂,マツザカ,由菜,ユナ,32,1987/12/5,女,151-8672,東京都,渋谷区,千駄ヶ谷４丁目２−１２,090-3665-0525,松坂,マツザカ,由菜,ユナ,32,1987/12/5,女,151-8672,東京都,渋谷区,千駄ヶ谷４丁目２−１２,090-3665-0525
15,終身,松坂,マツザカ,由菜,ユナ,32,1987/12/5,女,151-8672,東京都,渋谷区,千駄ヶ谷４丁目２−１２,090-3665-0525,柏原,カシハラ,覚,サトシ,26,1993/7/20,男,158-8539,東京都,世田谷区,用賀４−１０−２世田谷ビジネススクエア・ヒルズ１（３階・４階）,080-5960-4019
1,終身,広岡,ヒロオカ,亜紀,アキ,18,2001/7/10,女,102-8236,東京都,千代田区,九段北４−２−３５,090-1724-7484,広岡,ヒロオカ,哲男,テツオ,37,1982/3/21,男,102-8236,東京都,千代田区,九段北４−２−３５,090-8120-6534
1,終身,広岡,ヒロオカ,亜紀,アキ,18,2001/7/10,女,102-8236,東京都,千代田区,九段北４−２−３５,090-1724-7484,広岡,ヒロオカ,亜紀,アキ,18,2001/7/10,女,102-8236,東京都,千代田区,九段北４−２−３５,090-1724-7484
2,定期,目黒,メグロ,結奈,ユウナ,35,1984/2/6,女,101-8973,東京都,千代田区,外神田４丁目１４−１秋葉原ＵＤＸ,080-5052-7871,目黒,メグロ,結奈,ユウナ,35,1984/2/6,女,101-8973,東京都,千代田区,外神田４丁目１４−１秋葉原ＵＤＸ,080-5052-7871
6,終身,仲川,ナカガワ,悠菜,ユウナ,57,1963/1/22,女,140-8630,東京都,品川区,東品川２丁目２−２４,080-9357-6698,仲川,ナカガワ,悠菜,ユウナ,57,1963/1/22,女,140-8630,東京都,品川区,東品川２丁目２−２４,080-9357-6698
6,終身,仲川,ナカガワ,悠菜,ユウナ,57,1963/1/22,女,140-8630,東京都,品川区,東品川２丁目２−２４,080-9357-6698,仲川,ナカガワ,千夏,チナツ,37,1982/6/25,女,140-8630,東京都,品川区,東品川２丁目２−２４,090-3664-7808
6,長寿支援,仲川,ナカガワ,悠菜,ユウナ,57,1963/1/22,女,140-8630,東京都,品川区,東品川２丁目２−２４,080-9357-6698,仲川,ナカガワ,辰男,タツオ,46,1973/7/14,男,140-8630,東京都,品川区,東品川２丁目２−２４,090-9579-8511
6,定期,仲川,ナカガワ,悠菜,ユウナ,57,1963/1/22,女,140-8630,東京都,品川区,東品川２丁目２−２４,080-9357-6698,仲川,ナカガワ,心優,ミユ,6,2013/3/14,女,140-8630,東京都,品川区,東品川２丁目２−２４,080-6946-8618
12,学資,小平,オダイラ,美怜,ミレイ,49,1970/7/7,女,135-8602,東京都,江東区,福住２丁目３−１０,080-6821-4017,小平,オダイラ,里歌,リカ,7,1995/8/2,女,135-8602,東京都,江東区,福住２丁目３−１０,080-5439-4224
